SourceType,DataAnalysisChapter,DataAnalysisContext,DataAnalysisUse,MathFoundationsSupport,CurrentNotesPages,FutureMFLabels,FutureMFTarget,SourceFile,SourceLine
Source Map,1,Data Analysis as Statistical Learning,Feature vectors for observations,"$\mathbb{R}^n$ vector notation, vector entries, subvectors, and vectors as collections of quantities belonging to the same object",pp. 6--7,mf:vectors-rn; mf:vectors-as-data; mf:vector-entries-subvectors; mf:data-analysis-bridge-index,"Ch02 Vectors in R^n: `mf:vectors-rn`, `mf:vectors-as-data`, `mf:vector-entries-subvectors`; Appendix A Data Analysis Bridge Index: `mf:data-analysis-bridge-index`",Ch01_Data_Analysis_as_Statistical_Learning_v3.tex,414
Source Map,1,Data Analysis as Statistical Learning,Linear models as weighted inputs,Scalar multiplication and linear combinations of vectors,pp. 9--10,mf:scalar-multiplication; mf:linear-combinations; mf:data-analysis-bridge-index,"Ch03 Vector Operations and Linear Combinations: `mf:scalar-multiplication`, `mf:linear-combinations`; Appendix A Data Analysis Bridge Index: `mf:data-analysis-bridge-index`",Ch01_Data_Analysis_as_Statistical_Learning_v3.tex,416
Source Map,1,Data Analysis as Statistical Learning,Inner-product form $\boldsymbol{\beta}^T\mathbf{x}$,"Dot product definition, dot product properties, and examples of weighted sums",p. 16,mf:linear-combinations; mf:dot-product; mf:inner-product-weighted-sums; mf:data-analysis-bridge-index,"Ch03 Vector Operations and Linear Combinations: `mf:linear-combinations`; Ch05 Dot Products, Norms, Distance, Angles, and Orthogonality: `mf:dot-product`, `mf:inner-product-weighted-sums`; Appendix A Data Analysis Bridge Index: `mf:data-analysis-bridge-index`",Ch01_Data_Analysis_as_Statistical_Learning_v3.tex,418
Source Map,1,Data Analysis as Statistical Learning,Neural-network layers as repeated linear operations plus nonlinearities,Matrix-vector multiplication as row inner products and as linear combinations of columns,pp. 23--26,mf:linear-combinations; mf:dot-product; mf:inner-product-weighted-sums; mf:matrices-dimensions; mf:matrix-vector-row-view; mf:matrix-vector-column-view; mf:data-analysis-bridge-index,"Ch03 Vector Operations and Linear Combinations: `mf:linear-combinations`; Ch05 Dot Products, Norms, Distance, Angles, and Orthogonality: `mf:dot-product`, `mf:inner-product-weighted-sums`; Ch07 Matrices and Matrix-Vector Multiplication: `mf:matrices-dimensions`, `mf:matrix-vector-row-view`, `mf:matrix-vector-column-view`; Appendix A Data Analysis Bridge Index: `mf:data-analysis-bridge-index`",Ch01_Data_Analysis_as_Statistical_Learning_v3.tex,420
Source Map,1,Data Analysis as Statistical Learning,Correlation as linear alignment,"Dot products, Euclidean norm, distance, angle, and orthogonality",pp. 16--18,mf:dot-product; mf:inner-product-weighted-sums; mf:norms-euclidean; mf:vector-distance; mf:angles; mf:orthogonality; mf:data-analysis-bridge-index,"Ch05 Dot Products, Norms, Distance, Angles, and Orthogonality: `mf:dot-product`, `mf:inner-product-weighted-sums`, `mf:norms-euclidean`, `mf:vector-distance`, `mf:angles`, `mf:orthogonality`; Appendix A Data Analysis Bridge Index: `mf:data-analysis-bridge-index`",Ch01_Data_Analysis_as_Statistical_Learning_v3.tex,422
Source Map,1,Data Analysis as Statistical Learning,Reasoning from assumptions to conclusions,"Logic, truth tables, implications, biconditionals, and De Morgan's laws",pp. 1--5,mf:logic-statements; mf:logic-negation; mf:logic-implication; mf:data-analysis-bridge-index,"Ch01 Logic and Deductive Reasoning: `mf:logic-statements`, `mf:logic-negation`, `mf:logic-implication`; Appendix A Data Analysis Bridge Index: `mf:data-analysis-bridge-index`",Ch01_Data_Analysis_as_Statistical_Learning_v3.tex,424
Source Map,2,"Prediction Error, Flexibility, and Generalization","Response, prediction, and residual vectors","$\mathbb{R}^n$ vector notation, entries, and vector subtraction",pp. 6--8,mf:vectors-rn; mf:vectors-as-data; mf:vector-entries-subvectors; mf:vector-arithmetic; mf:data-analysis-bridge-index,"Ch02 Vectors in R^n: `mf:vectors-rn`, `mf:vectors-as-data`, `mf:vector-entries-subvectors`; Ch03 Vector Operations and Linear Combinations: `mf:vector-arithmetic`; Appendix A Data Analysis Bridge Index: `mf:data-analysis-bridge-index`",Ch02_Prediction_Error_Flexibility_Generalization_v3.tex,364
Source Map,2,"Prediction Error, Flexibility, and Generalization",Empirical MSE as squared distance,"Dot products, $\mathbf{a}^T\mathbf{a}=\sum_i a_i^2$, Euclidean norm, and distance between vectors",pp. 16--18,mf:dot-product; mf:inner-product-weighted-sums; mf:norms-euclidean; mf:vector-distance; mf:data-analysis-bridge-index,"Ch05 Dot Products, Norms, Distance, Angles, and Orthogonality: `mf:dot-product`, `mf:inner-product-weighted-sums`, `mf:norms-euclidean`, `mf:vector-distance`; Appendix A Data Analysis Bridge Index: `mf:data-analysis-bridge-index`",Ch02_Prediction_Error_Flexibility_Generalization_v3.tex,366
Source Map,2,"Prediction Error, Flexibility, and Generalization",Residual length and RMSE,Euclidean norm properties and distance as $\|\mathbf{a}-\mathbf{b}\|$,pp. 17--18,mf:vectors-as-data; mf:norms-euclidean; mf:vector-distance; mf:data-analysis-bridge-index,"Ch02 Vectors in R^n: `mf:vectors-as-data`; Ch05 Dot Products, Norms, Distance, Angles, and Orthogonality: `mf:norms-euclidean`, `mf:vector-distance`; Appendix A Data Analysis Bridge Index: `mf:data-analysis-bridge-index`",Ch02_Prediction_Error_Flexibility_Generalization_v3.tex,368
Source Map,2,"Prediction Error, Flexibility, and Generalization",Linear models as finite-parameter estimators,"Linear combinations, coefficients of linear combinations, and inner products","pp. 9--10, 16",mf:linear-combinations; mf:dot-product; mf:inner-product-weighted-sums; mf:data-analysis-bridge-index,"Ch03 Vector Operations and Linear Combinations: `mf:linear-combinations`; Ch05 Dot Products, Norms, Distance, Angles, and Orthogonality: `mf:dot-product`, `mf:inner-product-weighted-sums`; Appendix A Data Analysis Bridge Index: `mf:data-analysis-bridge-index`",Ch02_Prediction_Error_Flexibility_Generalization_v3.tex,370
Source Map,2,"Prediction Error, Flexibility, and Generalization",Flexibility and degrees-of-freedom intuition,"Linear independence, bases, and the maximum size of linearly independent sets in $\mathbb{R}^n$",pp. 20--21,mf:vectors-rn; mf:linear-independence; mf:bases; mf:dimension; mf:data-analysis-bridge-index,"Ch02 Vectors in R^n: `mf:vectors-rn`; Ch06 Linear Independence, Span, Bases, and Dimension: `mf:linear-independence`, `mf:bases`, `mf:dimension`; Appendix A Data Analysis Bridge Index: `mf:data-analysis-bridge-index`",Ch02_Prediction_Error_Flexibility_Generalization_v3.tex,372
Source Map,2,"Prediction Error, Flexibility, and Generalization",Matrix notation behind fitted predictors,"Matrix size, transpose notation, and matrix-vector multiplication",pp. 23--26,mf:vectors-as-data; mf:matrices-dimensions; mf:transpose; mf:matrix-vector-row-view; mf:matrix-vector-column-view; mf:data-analysis-bridge-index,"Ch02 Vectors in R^n: `mf:vectors-as-data`; Ch07 Matrices and Matrix-Vector Multiplication: `mf:matrices-dimensions`, `mf:transpose`, `mf:matrix-vector-row-view`, `mf:matrix-vector-column-view`; Appendix A Data Analysis Bridge Index: `mf:data-analysis-bridge-index`",Ch02_Prediction_Error_Flexibility_Generalization_v3.tex,374
Source Map,3,"Data Quality, Cleaning, and Trustworthy Variables",Data rows and variables as structured vectors,"$\mathbb{R}^n$ vector notation, entries, subvectors, and vectors as collections of quantities",pp. 6--7,mf:vectors-rn; mf:vectors-as-data; mf:vector-entries-subvectors; mf:data-analysis-bridge-index,"Ch02 Vectors in R^n: `mf:vectors-rn`, `mf:vectors-as-data`, `mf:vector-entries-subvectors`; Appendix A Data Analysis Bridge Index: `mf:data-analysis-bridge-index`",Ch03_Data_Quality_Cleaning_Trustworthy_Variables_v3.tex,274
Source Map,3,"Data Quality, Cleaning, and Trustworthy Variables","Numeric, ordinal, and categorical variable domains","Set membership, complements, set difference, subsets, and common number systems",pp. 11--15,mf:set-membership; mf:set-operations; mf:subsets; mf:vectors-as-data; mf:data-analysis-bridge-index,"Ch02 Vectors in R^n: `mf:vectors-as-data`; Ch04 Sets, Set Operations, and Quantifiers: `mf:set-membership`, `mf:set-operations`, `mf:subsets`; Appendix A Data Analysis Bridge Index: `mf:data-analysis-bridge-index`",Ch03_Data_Quality_Cleaning_Trustworthy_Variables_v3.tex,276
Source Map,3,"Data Quality, Cleaning, and Trustworthy Variables",Filtering rows and selecting columns,Subvector/slice notation and matrix submatrix extraction,"pp. 6, 23",mf:vector-entries-subvectors; mf:matrices-dimensions; mf:submatrix-extraction; mf:data-analysis-bridge-index,"Ch02 Vectors in R^n: `mf:vector-entries-subvectors`; Ch07 Matrices and Matrix-Vector Multiplication: `mf:matrices-dimensions`, `mf:submatrix-extraction`; Appendix A Data Analysis Bridge Index: `mf:data-analysis-bridge-index`",Ch03_Data_Quality_Cleaning_Trustworthy_Variables_v3.tex,278
Source Map,3,"Data Quality, Cleaning, and Trustworthy Variables",Cleaning by subsetting observations,"Set operations, subset notation, quantified statements, and negation of quantified statements",pp. 11--15,mf:logic-statements; mf:logic-negation; mf:quantifiers; mf:quantifier-negation; mf:set-membership; mf:set-operations; mf:subsets; mf:vectors-as-data; mf:data-analysis-bridge-index,"Ch01 Logic and Deductive Reasoning: `mf:logic-statements`, `mf:logic-negation`; Ch02 Vectors in R^n: `mf:vectors-as-data`; Ch04 Sets, Set Operations, and Quantifiers: `mf:quantifiers`, `mf:quantifier-negation`, `mf:set-membership`, `mf:set-operations`, `mf:subsets`; Appendix A Data Analysis Bridge Index: `mf:data-analysis-bridge-index`",Ch03_Data_Quality_Cleaning_Trustworthy_Variables_v3.tex,280
Source Map,3,"Data Quality, Cleaning, and Trustworthy Variables",Outlier detection as distance from typical pattern,"Euclidean norm, distance between vectors, and angle/orthogonality intuition",pp. 17--18,mf:norms-euclidean; mf:vector-distance; mf:angles; mf:orthogonality; mf:data-analysis-bridge-index,"Ch05 Dot Products, Norms, Distance, Angles, and Orthogonality: `mf:norms-euclidean`, `mf:vector-distance`, `mf:angles`, `mf:orthogonality`; Appendix A Data Analysis Bridge Index: `mf:data-analysis-bridge-index`",Ch03_Data_Quality_Cleaning_Trustworthy_Variables_v3.tex,282
Source Map,3,"Data Quality, Cleaning, and Trustworthy Variables",Design-matrix readiness after cleaning,"Matrix dimensions, sparse matrices, transpose notation, and matrix-vector multiplication",pp. 23--26,mf:matrices-dimensions; mf:transpose; mf:matrix-vector-row-view; mf:matrix-vector-column-view; mf:data-analysis-bridge-index,"Ch07 Matrices and Matrix-Vector Multiplication: `mf:matrices-dimensions`, `mf:transpose`, `mf:matrix-vector-row-view`, `mf:matrix-vector-column-view`; Appendix A Data Analysis Bridge Index: `mf:data-analysis-bridge-index`",Ch03_Data_Quality_Cleaning_Trustworthy_Variables_v3.tex,284
Source Map,4,Exploratory Data Analysis: Summaries and Visual Structure,A numeric variable as a data vector,"$\mathbb{R}^n$ vector notation, entries, and vectors as collections of quantities",pp. 6--7,mf:vectors-rn; mf:vectors-as-data; mf:vector-entries-subvectors; mf:data-analysis-bridge-index,"Ch02 Vectors in R^n: `mf:vectors-rn`, `mf:vectors-as-data`, `mf:vector-entries-subvectors`; Appendix A Data Analysis Bridge Index: `mf:data-analysis-bridge-index`",Ch04_Exploratory_Data_Analysis_Summaries_Visual_Structure_v3.tex,361
Source Map,4,Exploratory Data Analysis: Summaries and Visual Structure,Mean as a vector operation,"Dot product examples, including $\mathbf{1}^T\mathbf{a}=\sum_i a_i$ and $(1/n)\mathbf{1}^T\mathbf{a}$ as a sample mean",p. 16,mf:ones-vector; mf:dot-product; mf:inner-product-weighted-sums; mf:data-analysis-bridge-index,"Ch02 Vectors in R^n: `mf:ones-vector`; Ch05 Dot Products, Norms, Distance, Angles, and Orthogonality: `mf:dot-product`, `mf:inner-product-weighted-sums`; Appendix A Data Analysis Bridge Index: `mf:data-analysis-bridge-index`",Ch04_Exploratory_Data_Analysis_Summaries_Visual_Structure_v3.tex,363
Source Map,4,Exploratory Data Analysis: Summaries and Visual Structure,Variance and standard deviation as squared length,"Dot products, $\mathbf{a}^T\mathbf{a}=\sum_i a_i^2$, and Euclidean norm $\|\mathbf{x}\|=\sqrt{\mathbf{x}^T\mathbf{x}}$",pp. 16--17,mf:dot-product; mf:inner-product-weighted-sums; mf:norms-euclidean; mf:data-analysis-bridge-index,"Ch05 Dot Products, Norms, Distance, Angles, and Orthogonality: `mf:dot-product`, `mf:inner-product-weighted-sums`, `mf:norms-euclidean`; Appendix A Data Analysis Bridge Index: `mf:data-analysis-bridge-index`",Ch04_Exploratory_Data_Analysis_Summaries_Visual_Structure_v3.tex,365
Source Map,4,Exploratory Data Analysis: Summaries and Visual Structure,Centered-vector view of spread,"Vector subtraction, scalar multiplication, norm properties, and distance","pp. 8--10, 17--18",mf:vector-arithmetic; mf:centered-vectors; mf:scalar-multiplication; mf:norms-euclidean; mf:vector-distance; mf:data-analysis-bridge-index,"Ch03 Vector Operations and Linear Combinations: `mf:vector-arithmetic`, `mf:centered-vectors`, `mf:scalar-multiplication`; Ch05 Dot Products, Norms, Distance, Angles, and Orthogonality: `mf:norms-euclidean`, `mf:vector-distance`; Appendix A Data Analysis Bridge Index: `mf:data-analysis-bridge-index`",Ch04_Exploratory_Data_Analysis_Summaries_Visual_Structure_v3.tex,367
Source Map,4,Exploratory Data Analysis: Summaries and Visual Structure,Correlation as geometric alignment,"Angle formula, dot products, norms, and the orthogonality case $\mathbf{a}^T\mathbf{b}=0$",p. 18,mf:dot-product; mf:inner-product-weighted-sums; mf:norms-euclidean; mf:angles; mf:orthogonality; mf:data-analysis-bridge-index,"Ch05 Dot Products, Norms, Distance, Angles, and Orthogonality: `mf:dot-product`, `mf:inner-product-weighted-sums`, `mf:norms-euclidean`, `mf:angles`, `mf:orthogonality`; Appendix A Data Analysis Bridge Index: `mf:data-analysis-bridge-index`",Ch04_Exploratory_Data_Analysis_Summaries_Visual_Structure_v3.tex,369
Source Map,4,Exploratory Data Analysis: Summaries and Visual Structure,Scatterplot matrices and heatmaps,"Matrix dimensions, submatrix notation, transpose, and matrix-vector multiplication",pp. 23--26,mf:matrices-dimensions; mf:transpose; mf:matrix-vector-row-view; mf:matrix-vector-column-view; mf:submatrix-extraction; mf:data-analysis-bridge-index,"Ch07 Matrices and Matrix-Vector Multiplication: `mf:matrices-dimensions`, `mf:transpose`, `mf:matrix-vector-row-view`, `mf:matrix-vector-column-view`, `mf:submatrix-extraction`; Appendix A Data Analysis Bridge Index: `mf:data-analysis-bridge-index`",Ch04_Exploratory_Data_Analysis_Summaries_Visual_Structure_v3.tex,371
Source Map,5,"Simple Linear Regression: Model, Assumptions, and Least Squares Estimation",Data columns as vectors,"$\mathbb{R}^n$ vector notation, vector entries, and the ones vector $\mathbf{1}$",pp. 6--7,mf:vectors-rn; mf:vectors-as-data; mf:vector-entries-subvectors; mf:ones-vector; mf:data-analysis-bridge-index,"Ch02 Vectors in R^n: `mf:vectors-rn`, `mf:vectors-as-data`, `mf:vector-entries-subvectors`, `mf:ones-vector`; Appendix A Data Analysis Bridge Index: `mf:data-analysis-bridge-index`",Ch05_Simple_Linear_Regression_Model_Assumptions_Least_Squares_Estimation_v3.tex,752
Source Map,5,"Simple Linear Regression: Model, Assumptions, and Least Squares Estimation",Centered vectors and sums,"Vector subtraction, scalar multiplication, and linear combinations",pp. 8--10,mf:vector-arithmetic; mf:centered-vectors; mf:scalar-multiplication; mf:linear-combinations; mf:data-analysis-bridge-index,"Ch03 Vector Operations and Linear Combinations: `mf:vector-arithmetic`, `mf:centered-vectors`, `mf:scalar-multiplication`, `mf:linear-combinations`; Appendix A Data Analysis Bridge Index: `mf:data-analysis-bridge-index`",Ch05_Simple_Linear_Regression_Model_Assumptions_Least_Squares_Estimation_v3.tex,754
Source Map,5,"Simple Linear Regression: Model, Assumptions, and Least Squares Estimation",Sample means as sums,"Dot product examples, including $\mathbf{1}^T\mathbf{a}=\sum_i a_i$ and $(1/n)\mathbf{1}^T\mathbf{a}$ as a sample mean",p. 16,mf:ones-vector; mf:dot-product; mf:inner-product-weighted-sums; mf:data-analysis-bridge-index,"Ch02 Vectors in R^n: `mf:ones-vector`; Ch05 Dot Products, Norms, Distance, Angles, and Orthogonality: `mf:dot-product`, `mf:inner-product-weighted-sums`; Appendix A Data Analysis Bridge Index: `mf:data-analysis-bridge-index`",Ch05_Simple_Linear_Regression_Model_Assumptions_Least_Squares_Estimation_v3.tex,756
Source Map,5,"Simple Linear Regression: Model, Assumptions, and Least Squares Estimation",Least squares objective as a norm,$\mathbf{a}^T\mathbf{a}=\sum_i a_i^2$ and the Euclidean norm $\|\mathbf{x}\|=\sqrt{\mathbf{x}^T\mathbf{x}}$,pp. 16--17,mf:dot-product; mf:inner-product-weighted-sums; mf:norms-euclidean; mf:least-squares-objective; mf:data-analysis-bridge-index,"Ch05 Dot Products, Norms, Distance, Angles, and Orthogonality: `mf:dot-product`, `mf:inner-product-weighted-sums`, `mf:norms-euclidean`; Ch12 Multivariable Functions, Gradients, and Least Squares: `mf:least-squares-objective`; Appendix A Data Analysis Bridge Index: `mf:data-analysis-bridge-index`",Ch05_Simple_Linear_Regression_Model_Assumptions_Least_Squares_Estimation_v3.tex,758
Source Map,5,"Simple Linear Regression: Model, Assumptions, and Least Squares Estimation",Residual orthogonality,"Dot products, angles, and the special case $\mathbf{a}^T\mathbf{b}=0$ meaning orthogonality",p. 18,mf:vectors-as-data; mf:dot-product; mf:inner-product-weighted-sums; mf:angles; mf:orthogonality; mf:least-squares-projection-bridge; mf:least-squares-residual-orthogonality; mf:data-analysis-bridge-index,"Ch02 Vectors in R^n: `mf:vectors-as-data`; Ch05 Dot Products, Norms, Distance, Angles, and Orthogonality: `mf:dot-product`, `mf:inner-product-weighted-sums`, `mf:angles`, `mf:orthogonality`; Ch12 Multivariable Functions, Gradients, and Least Squares: `mf:least-squares-projection-bridge`, `mf:least-squares-residual-orthogonality`; Appendix A Data Analysis Bridge Index: `mf:data-analysis-bridge-index`",Ch05_Simple_Linear_Regression_Model_Assumptions_Least_Squares_Estimation_v3.tex,760
Source Map,5,"Simple Linear Regression: Model, Assumptions, and Least Squares Estimation",Design matrix notation,"Matrix size, transpose notation, and matrix-vector multiplication as row inner products / linear combinations of columns",pp. 23--25,mf:linear-combinations; mf:dot-product; mf:inner-product-weighted-sums; mf:matrices-dimensions; mf:transpose; mf:matrix-vector-row-view; mf:matrix-vector-column-view; mf:data-analysis-bridge-index,"Ch03 Vector Operations and Linear Combinations: `mf:linear-combinations`; Ch05 Dot Products, Norms, Distance, Angles, and Orthogonality: `mf:dot-product`, `mf:inner-product-weighted-sums`; Ch07 Matrices and Matrix-Vector Multiplication: `mf:matrices-dimensions`, `mf:transpose`, `mf:matrix-vector-row-view`, `mf:matrix-vector-column-view`; Appendix A Data Analysis Bridge Index: `mf:data-analysis-bridge-index`",Ch05_Simple_Linear_Regression_Model_Assumptions_Least_Squares_Estimation_v3.tex,762
Source Map,6,"Simple Linear Regression: Fit Quality, $R^2$, and Hypothesis Testing",Mean-only fitted vector,$\mathbb{R}^n$ vector notation and the ones vector $\mathbf{1}$,pp. 6--7,mf:vectors-rn; mf:ones-vector; mf:data-analysis-bridge-index,"Ch02 Vectors in R^n: `mf:vectors-rn`, `mf:ones-vector`; Appendix A Data Analysis Bridge Index: `mf:data-analysis-bridge-index`",Ch06_Simple_Linear_Regression_Fit_Quality_R2_Hypothesis_Testing_v3.tex,632
Source Map,6,"Simple Linear Regression: Fit Quality, $R^2$, and Hypothesis Testing",TSS and RSS as squared lengths,"Dot products, $\mathbf{a}^T\mathbf{a}=\sum_i a_i^2$, and Euclidean norm $\|\mathbf{x}\|=\sqrt{\mathbf{x}^T\mathbf{x}}$",pp. 16--17,mf:dot-product; mf:inner-product-weighted-sums; mf:norms-euclidean; mf:data-analysis-bridge-index,"Ch05 Dot Products, Norms, Distance, Angles, and Orthogonality: `mf:dot-product`, `mf:inner-product-weighted-sums`, `mf:norms-euclidean`; Appendix A Data Analysis Bridge Index: `mf:data-analysis-bridge-index`",Ch06_Simple_Linear_Regression_Fit_Quality_R2_Hypothesis_Testing_v3.tex,634
Source Map,6,"Simple Linear Regression: Fit Quality, $R^2$, and Hypothesis Testing",Sum-of-squares decomposition,"Dot products, norms, and orthogonality of fitted and residual components",pp. 16--18,mf:vectors-as-data; mf:dot-product; mf:inner-product-weighted-sums; mf:norms-euclidean; mf:orthogonality; mf:least-squares-projection-bridge; mf:data-analysis-bridge-index,"Ch02 Vectors in R^n: `mf:vectors-as-data`; Ch05 Dot Products, Norms, Distance, Angles, and Orthogonality: `mf:dot-product`, `mf:inner-product-weighted-sums`, `mf:norms-euclidean`, `mf:orthogonality`; Ch12 Multivariable Functions, Gradients, and Least Squares: `mf:least-squares-projection-bridge`; Appendix A Data Analysis Bridge Index: `mf:data-analysis-bridge-index`",Ch06_Simple_Linear_Regression_Fit_Quality_R2_Hypothesis_Testing_v3.tex,636
Source Map,6,"Simple Linear Regression: Fit Quality, $R^2$, and Hypothesis Testing",Residual degrees of freedom,"Linear independence, basis size, and leftover dimension intuition",p. 20,mf:vectors-as-data; mf:linear-independence; mf:bases; mf:dimension; mf:data-analysis-bridge-index,"Ch02 Vectors in R^n: `mf:vectors-as-data`; Ch06 Linear Independence, Span, Bases, and Dimension: `mf:linear-independence`, `mf:bases`, `mf:dimension`; Appendix A Data Analysis Bridge Index: `mf:data-analysis-bridge-index`",Ch06_Simple_Linear_Regression_Fit_Quality_R2_Hypothesis_Testing_v3.tex,638
Source Map,6,"Simple Linear Regression: Fit Quality, $R^2$, and Hypothesis Testing",Hypothesis statements,"Logic statements, negation, and truth-table reasoning as the foundation for null-versus-alternative statements",pp. 1--3,mf:logic-statements; mf:logic-negation; mf:data-analysis-bridge-index,"Ch01 Logic and Deductive Reasoning: `mf:logic-statements`, `mf:logic-negation`; Appendix A Data Analysis Bridge Index: `mf:data-analysis-bridge-index`",Ch06_Simple_Linear_Regression_Fit_Quality_R2_Hypothesis_Testing_v3.tex,640
Source Map,6,"Simple Linear Regression: Fit Quality, $R^2$, and Hypothesis Testing",Software/design-matrix bridge,"Matrix notation, transpose notation, and matrix-vector multiplication",pp. 23--25,mf:matrices-dimensions; mf:transpose; mf:matrix-vector-row-view; mf:matrix-vector-column-view; mf:data-analysis-bridge-index,"Ch07 Matrices and Matrix-Vector Multiplication: `mf:matrices-dimensions`, `mf:transpose`, `mf:matrix-vector-row-view`, `mf:matrix-vector-column-view`; Appendix A Data Analysis Bridge Index: `mf:data-analysis-bridge-index`",Ch06_Simple_Linear_Regression_Fit_Quality_R2_Hypothesis_Testing_v3.tex,642
Source Map,7,Linear Regression as Projection: Design Matrix and Hat Matrix,Response vectors and predictor vectors,"$\mathbb{R}^n$ vector notation, coordinates, and the ones vector $\mathbf{1}$",pp. 6--7,mf:vectors-rn; mf:vectors-as-data; mf:vector-entries-subvectors; mf:ones-vector; mf:bases; mf:data-analysis-bridge-index,"Ch02 Vectors in R^n: `mf:vectors-rn`, `mf:vectors-as-data`, `mf:vector-entries-subvectors`, `mf:ones-vector`; Ch06 Linear Independence, Span, Bases, and Dimension: `mf:bases`; Appendix A Data Analysis Bridge Index: `mf:data-analysis-bridge-index`",Ch07_Linear_Regression_as_Projection_Design_Matrix_Hat_Matrix_v3.tex,654
Source Map,7,Linear Regression as Projection: Design Matrix and Hat Matrix,Fitted values as linear combinations,Scalar-vector multiplication and linear combinations of vectors,pp. 9--10,mf:scalar-multiplication; mf:linear-combinations; mf:matrix-vector-column-view; mf:data-analysis-bridge-index,"Ch03 Vector Operations and Linear Combinations: `mf:scalar-multiplication`, `mf:linear-combinations`; Ch07 Matrices and Matrix-Vector Multiplication: `mf:matrix-vector-column-view`; Appendix A Data Analysis Bridge Index: `mf:data-analysis-bridge-index`",Ch07_Linear_Regression_as_Projection_Design_Matrix_Hat_Matrix_v3.tex,656
Source Map,7,Linear Regression as Projection: Design Matrix and Hat Matrix,Least squares objective,"Euclidean norms, squared lengths, and distances",pp. 17--18,mf:norms-euclidean; mf:vector-distance; mf:least-squares-objective; mf:data-analysis-bridge-index,"Ch05 Dot Products, Norms, Distance, Angles, and Orthogonality: `mf:norms-euclidean`, `mf:vector-distance`; Ch12 Multivariable Functions, Gradients, and Least Squares: `mf:least-squares-objective`; Appendix A Data Analysis Bridge Index: `mf:data-analysis-bridge-index`",Ch07_Linear_Regression_as_Projection_Design_Matrix_Hat_Matrix_v3.tex,658
Source Map,7,Linear Regression as Projection: Design Matrix and Hat Matrix,Residual orthogonality,Dot products and the zero-dot-product condition for orthogonality,pp. 16--18,mf:vectors-as-data; mf:dot-product; mf:inner-product-weighted-sums; mf:orthogonality; mf:least-squares-projection-bridge; mf:least-squares-residual-orthogonality; mf:data-analysis-bridge-index,"Ch02 Vectors in R^n: `mf:vectors-as-data`; Ch05 Dot Products, Norms, Distance, Angles, and Orthogonality: `mf:dot-product`, `mf:inner-product-weighted-sums`, `mf:orthogonality`; Ch12 Multivariable Functions, Gradients, and Least Squares: `mf:least-squares-projection-bridge`, `mf:least-squares-residual-orthogonality`; Appendix A Data Analysis Bridge Index: `mf:data-analysis-bridge-index`",Ch07_Linear_Regression_as_Projection_Design_Matrix_Hat_Matrix_v3.tex,660
Source Map,7,Linear Regression as Projection: Design Matrix and Hat Matrix,Normal equations,Matrix-vector multiplication as row inner products and column linear combinations,pp. 25--26,mf:linear-combinations; mf:dot-product; mf:inner-product-weighted-sums; mf:norms-euclidean; mf:matrices-dimensions; mf:matrix-vector-row-view; mf:matrix-vector-column-view; mf:least-squares-normal-equations; mf:data-analysis-bridge-index,"Ch03 Vector Operations and Linear Combinations: `mf:linear-combinations`; Ch05 Dot Products, Norms, Distance, Angles, and Orthogonality: `mf:dot-product`, `mf:inner-product-weighted-sums`, `mf:norms-euclidean`; Ch07 Matrices and Matrix-Vector Multiplication: `mf:matrices-dimensions`, `mf:matrix-vector-row-view`, `mf:matrix-vector-column-view`; Ch12 Multivariable Functions, Gradients, and Least Squares: `mf:least-squares-normal-equations`; Appendix A Data Analysis Bridge Index: `mf:data-analysis-bridge-index`",Ch07_Linear_Regression_as_Projection_Design_Matrix_Hat_Matrix_v3.tex,662
Source Map,7,Linear Regression as Projection: Design Matrix and Hat Matrix,Full rank and invertibility intuition,"Linear independence, bases, and orthonormal-basis ideas","pp. 20--22, 34--36",mf:norms-euclidean; mf:linear-independence; mf:bases; mf:matrix-inverse; mf:rank; mf:full-column-rank; mf:orthogonal-bases; mf:data-analysis-bridge-index,"Ch05 Dot Products, Norms, Distance, Angles, and Orthogonality: `mf:norms-euclidean`; Ch06 Linear Independence, Span, Bases, and Dimension: `mf:linear-independence`, `mf:bases`; Ch09 Orthogonal Bases, Gram-Schmidt, and QR: `mf:orthogonal-bases`; Ch10 Matrix Inverses, Rank, and Pseudoinverses: `mf:matrix-inverse`, `mf:rank`, `mf:full-column-rank`; Appendix A Data Analysis Bridge Index: `mf:data-analysis-bridge-index`",Ch07_Linear_Regression_as_Projection_Design_Matrix_Hat_Matrix_v3.tex,664
Source Map,7,Linear Regression as Projection: Design Matrix and Hat Matrix,Computational bridge,Python vector and matrix operations with NumPy arrays,pp. 37--38,mf:computational-matrix-operations; mf:data-analysis-bridge-index,Ch07 Matrices and Matrix-Vector Multiplication: `mf:computational-matrix-operations`; Appendix A Data Analysis Bridge Index: `mf:data-analysis-bridge-index`,Ch07_Linear_Regression_as_Projection_Design_Matrix_Hat_Matrix_v3.tex,666
Source Map,7,Linear Regression as Projection: Design Matrix and Hat Matrix,Normal-equation bridge,"Least squares as minimizing $\|\mathbf{A}\mathbf{x}-\mathbf{b}\|^2$, the normal equations, and gradient-based reasoning","pp. 104--105, 120--122",mf:norms-euclidean; mf:gradient; mf:least-squares-objective; mf:least-squares-normal-equations; mf:data-analysis-bridge-index,"Ch05 Dot Products, Norms, Distance, Angles, and Orthogonality: `mf:norms-euclidean`; Ch12 Multivariable Functions, Gradients, and Least Squares: `mf:gradient`, `mf:least-squares-objective`, `mf:least-squares-normal-equations`; Appendix A Data Analysis Bridge Index: `mf:data-analysis-bridge-index`",Ch07_Linear_Regression_as_Projection_Design_Matrix_Hat_Matrix_v3.tex,668
Source Map,8,"Degrees of Freedom, Subspaces, and Identifiability",Data vectors and mean vectors,"Vector notation in \(\mathbb{R}^n\), coordinates, and the ones vector \(\mathbf{1}\)",pp. 6--7,mf:vectors-rn; mf:vectors-as-data; mf:vector-entries-subvectors; mf:ones-vector; mf:bases; mf:data-analysis-bridge-index,"Ch02 Vectors in R^n: `mf:vectors-rn`, `mf:vectors-as-data`, `mf:vector-entries-subvectors`, `mf:ones-vector`; Ch06 Linear Independence, Span, Bases, and Dimension: `mf:bases`; Appendix A Data Analysis Bridge Index: `mf:data-analysis-bridge-index`",Ch08_Degrees_of_Freedom_Subspaces_Identifiability_v3.tex,657
Source Map,8,"Degrees of Freedom, Subspaces, and Identifiability",Mean and residual decomposition,"Dot products, \(\mathbf{1}^T\mathbf{a}=\sum a_i\), and sample-mean notation",p. 16,mf:vectors-as-data; mf:ones-vector; mf:dot-product; mf:inner-product-weighted-sums; mf:data-analysis-bridge-index,"Ch02 Vectors in R^n: `mf:vectors-as-data`, `mf:ones-vector`; Ch05 Dot Products, Norms, Distance, Angles, and Orthogonality: `mf:dot-product`, `mf:inner-product-weighted-sums`; Appendix A Data Analysis Bridge Index: `mf:data-analysis-bridge-index`",Ch08_Degrees_of_Freedom_Subspaces_Identifiability_v3.tex,659
Source Map,8,"Degrees of Freedom, Subspaces, and Identifiability",Orthogonal complements,"Euclidean norms, distances, angles, and the condition \(\mathbf{a}^T\mathbf{b}=0\) for orthogonality",pp. 17--18,mf:set-membership; mf:set-operations; mf:subsets; mf:norms-euclidean; mf:vector-distance; mf:angles; mf:orthogonality; mf:data-analysis-bridge-index,"Ch04 Sets, Set Operations, and Quantifiers: `mf:set-membership`, `mf:set-operations`, `mf:subsets`; Ch05 Dot Products, Norms, Distance, Angles, and Orthogonality: `mf:norms-euclidean`, `mf:vector-distance`, `mf:angles`, `mf:orthogonality`; Appendix A Data Analysis Bridge Index: `mf:data-analysis-bridge-index`",Ch08_Degrees_of_Freedom_Subspaces_Identifiability_v3.tex,661
Source Map,8,"Degrees of Freedom, Subspaces, and Identifiability",Column space and fitted values,Matrix-vector multiplication as row inner products and as a linear combination of columns,p. 25,mf:linear-combinations; mf:dot-product; mf:inner-product-weighted-sums; mf:matrices-dimensions; mf:matrix-vector-row-view; mf:matrix-vector-column-view; mf:column-space; mf:data-analysis-bridge-index,"Ch03 Vector Operations and Linear Combinations: `mf:linear-combinations`; Ch05 Dot Products, Norms, Distance, Angles, and Orthogonality: `mf:dot-product`, `mf:inner-product-weighted-sums`; Ch07 Matrices and Matrix-Vector Multiplication: `mf:matrices-dimensions`, `mf:matrix-vector-row-view`, `mf:matrix-vector-column-view`; Ch11 Subspaces: Column Space, Row Space, and Null Space: `mf:column-space`; Appendix A Data Analysis Bridge Index: `mf:data-analysis-bridge-index`",Ch08_Degrees_of_Freedom_Subspaces_Identifiability_v3.tex,663
Source Map,8,"Degrees of Freedom, Subspaces, and Identifiability","Rank, basis, and full column rank intuition","Linear independence, bases, and unique linear-combination representations",pp. 20--21,mf:linear-independence; mf:bases; mf:rank; mf:full-column-rank; mf:data-analysis-bridge-index,"Ch06 Linear Independence, Span, Bases, and Dimension: `mf:linear-independence`, `mf:bases`; Ch10 Matrix Inverses, Rank, and Pseudoinverses: `mf:rank`, `mf:full-column-rank`; Appendix A Data Analysis Bridge Index: `mf:data-analysis-bridge-index`",Ch08_Degrees_of_Freedom_Subspaces_Identifiability_v3.tex,665
Source Map,8,"Degrees of Freedom, Subspaces, and Identifiability",Matrix dimensions and transpose notation,"Matrix sizes, tall/wide matrices, identity matrices, transposes, and symmetry",pp. 23--24,mf:matrices-dimensions; mf:transpose; mf:identity-matrix; mf:data-analysis-bridge-index,"Ch07 Matrices and Matrix-Vector Multiplication: `mf:matrices-dimensions`, `mf:transpose`, `mf:identity-matrix`; Appendix A Data Analysis Bridge Index: `mf:data-analysis-bridge-index`",Ch08_Degrees_of_Freedom_Subspaces_Identifiability_v3.tex,667
Source Map,8,"Degrees of Freedom, Subspaces, and Identifiability",Left-inverse and identifiability bridge,"Left inverse, linearly independent columns, the trivial-solution criterion, and the equivalence between full column rank and invertibility of \(\mathbf{A}^T\mathbf{A}\)",pp. 59--62,mf:linear-independence; mf:matrix-inverse; mf:left-inverse; mf:rank; mf:full-column-rank; mf:ata-invertibility; mf:null-space; mf:data-analysis-bridge-index,"Ch06 Linear Independence, Span, Bases, and Dimension: `mf:linear-independence`; Ch10 Matrix Inverses, Rank, and Pseudoinverses: `mf:matrix-inverse`, `mf:left-inverse`, `mf:rank`, `mf:full-column-rank`, `mf:ata-invertibility`; Ch11 Subspaces: Column Space, Row Space, and Null Space: `mf:null-space`; Appendix A Data Analysis Bridge Index: `mf:data-analysis-bridge-index`",Ch08_Degrees_of_Freedom_Subspaces_Identifiability_v3.tex,669
Source Map,8,"Degrees of Freedom, Subspaces, and Identifiability",Computational check,"Python/NumPy matrix operations, matrix shapes, and transposes",pp. 37--38,mf:matrices-dimensions; mf:transpose; mf:computational-matrix-operations; mf:data-analysis-bridge-index,"Ch07 Matrices and Matrix-Vector Multiplication: `mf:matrices-dimensions`, `mf:transpose`, `mf:computational-matrix-operations`; Appendix A Data Analysis Bridge Index: `mf:data-analysis-bridge-index`",Ch08_Degrees_of_Freedom_Subspaces_Identifiability_v3.tex,671
Source Map,9,"Multiple Linear Regression in Practice: Predictors, Hyperplanes, and the Advertising Example",Response and predictor vectors,"Vector notation in \(\mathbb{R}^n\), coordinates, and vector entries",pp. 6--7,mf:vectors-rn; mf:vectors-as-data; mf:vector-entries-subvectors; mf:bases; mf:data-analysis-bridge-index,"Ch02 Vectors in R^n: `mf:vectors-rn`, `mf:vectors-as-data`, `mf:vector-entries-subvectors`; Ch06 Linear Independence, Span, Bases, and Dimension: `mf:bases`; Appendix A Data Analysis Bridge Index: `mf:data-analysis-bridge-index`",Ch09_Multiple_Linear_Regression_in_Practice_v3.tex,574
Source Map,9,"Multiple Linear Regression in Practice: Predictors, Hyperplanes, and the Advertising Example",Column-space interpretation,"Linear combinations of vectors, span/column-space ideas, and standard-basis intuition","pp. 8--10, 67--68",mf:linear-combinations; mf:least-squares-projection-bridge; mf:span; mf:bases; mf:column-space; mf:data-analysis-bridge-index,"Ch03 Vector Operations and Linear Combinations: `mf:linear-combinations`; Ch06 Linear Independence, Span, Bases, and Dimension: `mf:span`, `mf:bases`; Ch11 Subspaces: Column Space, Row Space, and Null Space: `mf:column-space`; Ch12 Multivariable Functions, Gradients, and Least Squares: `mf:least-squares-projection-bridge`; Appendix A Data Analysis Bridge Index: `mf:data-analysis-bridge-index`",Ch09_Multiple_Linear_Regression_in_Practice_v3.tex,576
Source Map,9,"Multiple Linear Regression in Practice: Predictors, Hyperplanes, and the Advertising Example",Normal equations and orthogonality,"Dot products, sums through \(\mathbf{1}^T\mathbf{a}\), Euclidean norm, orthogonality, and the least-squares normal-equation bridge","pp. 16--18, 104--105",mf:ones-vector; mf:dot-product; mf:inner-product-weighted-sums; mf:norms-euclidean; mf:orthogonality; mf:least-squares-projection-bridge; mf:least-squares-objective; mf:least-squares-normal-equations; mf:data-analysis-bridge-index,"Ch02 Vectors in R^n: `mf:ones-vector`; Ch05 Dot Products, Norms, Distance, Angles, and Orthogonality: `mf:dot-product`, `mf:inner-product-weighted-sums`, `mf:norms-euclidean`, `mf:orthogonality`; Ch12 Multivariable Functions, Gradients, and Least Squares: `mf:least-squares-projection-bridge`, `mf:least-squares-objective`, `mf:least-squares-normal-equations`; Appendix A Data Analysis Bridge Index: `mf:data-analysis-bridge-index`",Ch09_Multiple_Linear_Regression_in_Practice_v3.tex,578
Source Map,9,"Multiple Linear Regression in Practice: Predictors, Hyperplanes, and the Advertising Example",Design matrix dimensions,"Matrix notation, tall matrices, transposes, identity matrices, and symmetry",pp. 23--24,mf:matrices-dimensions; mf:transpose; mf:identity-matrix; mf:data-analysis-bridge-index,"Ch07 Matrices and Matrix-Vector Multiplication: `mf:matrices-dimensions`, `mf:transpose`, `mf:identity-matrix`; Appendix A Data Analysis Bridge Index: `mf:data-analysis-bridge-index`",Ch09_Multiple_Linear_Regression_in_Practice_v3.tex,580
Source Map,9,"Multiple Linear Regression in Practice: Predictors, Hyperplanes, and the Advertising Example",Fitted values as \(\mathbf{X}\widehat{\boldsymbol{\beta}}\),Matrix-vector multiplication as row inner products and as a linear combination of columns,p. 25,mf:linear-combinations; mf:dot-product; mf:inner-product-weighted-sums; mf:matrices-dimensions; mf:matrix-vector-row-view; mf:matrix-vector-column-view; mf:data-analysis-bridge-index,"Ch03 Vector Operations and Linear Combinations: `mf:linear-combinations`; Ch05 Dot Products, Norms, Distance, Angles, and Orthogonality: `mf:dot-product`, `mf:inner-product-weighted-sums`; Ch07 Matrices and Matrix-Vector Multiplication: `mf:matrices-dimensions`, `mf:matrix-vector-row-view`, `mf:matrix-vector-column-view`; Appendix A Data Analysis Bridge Index: `mf:data-analysis-bridge-index`",Ch09_Multiple_Linear_Regression_in_Practice_v3.tex,582
Source Map,9,"Multiple Linear Regression in Practice: Predictors, Hyperplanes, and the Advertising Example",Full column rank requirement,"Linear independence, bases, unique linear-combination intuition, and full-rank conditions","pp. 20--21, 67--69",mf:linear-independence; mf:bases; mf:rank; mf:full-column-rank; mf:data-analysis-bridge-index,"Ch06 Linear Independence, Span, Bases, and Dimension: `mf:linear-independence`, `mf:bases`; Ch10 Matrix Inverses, Rank, and Pseudoinverses: `mf:rank`, `mf:full-column-rank`; Appendix A Data Analysis Bridge Index: `mf:data-analysis-bridge-index`",Ch09_Multiple_Linear_Regression_in_Practice_v3.tex,584
Source Map,9,"Multiple Linear Regression in Practice: Predictors, Hyperplanes, and the Advertising Example",Software implementation,"Python/NumPy arrays, shapes, transposes, and matrix multiplication with \texttt{@}",pp. 37--38,mf:matrices-dimensions; mf:transpose; mf:computational-matrix-operations; mf:data-analysis-bridge-index,"Ch07 Matrices and Matrix-Vector Multiplication: `mf:matrices-dimensions`, `mf:transpose`, `mf:computational-matrix-operations`; Appendix A Data Analysis Bridge Index: `mf:data-analysis-bridge-index`",Ch09_Multiple_Linear_Regression_in_Practice_v3.tex,586
Source Map,10,"Truth + Error, Estimator Behavior, and Residual Geometry",Observation-space vectors,"Vector notation in \(\mathbb{R}^n\), coordinates, and subvectors",pp. 6--7,mf:vectors-rn; mf:vectors-as-data; mf:vector-entries-subvectors; mf:bases; mf:data-analysis-bridge-index,"Ch02 Vectors in R^n: `mf:vectors-rn`, `mf:vectors-as-data`, `mf:vector-entries-subvectors`; Ch06 Linear Independence, Span, Bases, and Dimension: `mf:bases`; Appendix A Data Analysis Bridge Index: `mf:data-analysis-bridge-index`",Ch10_Truth_Error_Estimator_Behavior_Residual_Geometry_v3.tex,970
Source Map,10,"Truth + Error, Estimator Behavior, and Residual Geometry",Regression matrix expressions,"Matrix sizes, transposes, identity matrices, and matrix-vector multiplication",pp. 23--25,mf:matrices-dimensions; mf:transpose; mf:identity-matrix; mf:matrix-vector-row-view; mf:matrix-vector-column-view; mf:data-analysis-bridge-index,"Ch07 Matrices and Matrix-Vector Multiplication: `mf:matrices-dimensions`, `mf:transpose`, `mf:identity-matrix`, `mf:matrix-vector-row-view`, `mf:matrix-vector-column-view`; Appendix A Data Analysis Bridge Index: `mf:data-analysis-bridge-index`",Ch10_Truth_Error_Estimator_Behavior_Residual_Geometry_v3.tex,972
Source Map,10,"Truth + Error, Estimator Behavior, and Residual Geometry",Residual orthogonality,"Dot products, Euclidean norms, and the condition \(\mathbf{a}^T\mathbf{b}=0\) for orthogonality",pp. 16--18,mf:vectors-as-data; mf:dot-product; mf:inner-product-weighted-sums; mf:norms-euclidean; mf:orthogonality; mf:least-squares-projection-bridge; mf:least-squares-residual-orthogonality; mf:data-analysis-bridge-index,"Ch02 Vectors in R^n: `mf:vectors-as-data`; Ch05 Dot Products, Norms, Distance, Angles, and Orthogonality: `mf:dot-product`, `mf:inner-product-weighted-sums`, `mf:norms-euclidean`, `mf:orthogonality`; Ch12 Multivariable Functions, Gradients, and Least Squares: `mf:least-squares-projection-bridge`, `mf:least-squares-residual-orthogonality`; Appendix A Data Analysis Bridge Index: `mf:data-analysis-bridge-index`",Ch10_Truth_Error_Estimator_Behavior_Residual_Geometry_v3.tex,974
Source Map,10,"Truth + Error, Estimator Behavior, and Residual Geometry",Least-squares normal-equation bridge,"Stationary points, least-squares minimization, the normal equations, and the positive-semidefinite \(\mathbf{A}^T\mathbf{A}\) argument","pp. 104--105, 120--122",mf:norms-euclidean; mf:least-squares-projection-bridge; mf:ata-invertibility; mf:stationary-points; mf:least-squares-objective; mf:least-squares-normal-equations; mf:positive-semidefinite; mf:data-analysis-bridge-index,"Ch05 Dot Products, Norms, Distance, Angles, and Orthogonality: `mf:norms-euclidean`; Ch10 Matrix Inverses, Rank, and Pseudoinverses: `mf:ata-invertibility`; Ch12 Multivariable Functions, Gradients, and Least Squares: `mf:least-squares-projection-bridge`, `mf:stationary-points`, `mf:least-squares-objective`, `mf:least-squares-normal-equations`; Ch13 Hessians, Quadratic Forms, and Second-Order Conditions: `mf:positive-semidefinite`; Appendix A Data Analysis Bridge Index: `mf:data-analysis-bridge-index`",Ch10_Truth_Error_Estimator_Behavior_Residual_Geometry_v3.tex,976
Source Map,10,"Truth + Error, Estimator Behavior, and Residual Geometry",Full-rank requirement for unique coefficients,"Left inverses, linearly independent columns, rank, and full column rank","pp. 59--60, 67--69, 122",mf:linear-independence; mf:matrix-inverse; mf:left-inverse; mf:rank; mf:full-column-rank; mf:null-space; mf:data-analysis-bridge-index,"Ch06 Linear Independence, Span, Bases, and Dimension: `mf:linear-independence`; Ch10 Matrix Inverses, Rank, and Pseudoinverses: `mf:matrix-inverse`, `mf:left-inverse`, `mf:rank`, `mf:full-column-rank`; Ch11 Subspaces: Column Space, Row Space, and Null Space: `mf:null-space`; Appendix A Data Analysis Bridge Index: `mf:data-analysis-bridge-index`",Ch10_Truth_Error_Estimator_Behavior_Residual_Geometry_v3.tex,978
Source Map,10,"Truth + Error, Estimator Behavior, and Residual Geometry",Computational matrix operations,"Python/NumPy arrays, shapes, transposes, and matrix multiplication",pp. 37--38,mf:matrices-dimensions; mf:transpose; mf:computational-matrix-operations; mf:data-analysis-bridge-index,"Ch07 Matrices and Matrix-Vector Multiplication: `mf:matrices-dimensions`, `mf:transpose`, `mf:computational-matrix-operations`; Appendix A Data Analysis Bridge Index: `mf:data-analysis-bridge-index`",Ch10_Truth_Error_Estimator_Behavior_Residual_Geometry_v3.tex,980
Source Map,11,Linear Models Beyond Straight Lines: Transformations and Linear-in-Parameters Models,Transformed columns as candidate directions,"Vector notation in \(\mathbb{R}^n\), scalar-vector multiplication, and linear combinations",pp. 6--10,mf:vectors-rn; mf:scalar-multiplication; mf:linear-combinations; mf:data-analysis-bridge-index,"Ch02 Vectors in R^n: `mf:vectors-rn`; Ch03 Vector Operations and Linear Combinations: `mf:scalar-multiplication`, `mf:linear-combinations`; Appendix A Data Analysis Bridge Index: `mf:data-analysis-bridge-index`",Ch11_Linear_Models_Beyond_Straight_Lines_Transformations_Linear_in_Parameters_v3.tex,755
Source Map,11,Linear Models Beyond Straight Lines: Transformations and Linear-in-Parameters Models,Basis and spanning viewpoint,"Bases, linear independence, and unique linear-combination representations",pp. 20--21,mf:linear-independence; mf:span; mf:bases; mf:data-analysis-bridge-index,"Ch06 Linear Independence, Span, Bases, and Dimension: `mf:linear-independence`, `mf:span`, `mf:bases`; Appendix A Data Analysis Bridge Index: `mf:data-analysis-bridge-index`",Ch11_Linear_Models_Beyond_Straight_Lines_Transformations_Linear_in_Parameters_v3.tex,757
Source Map,11,Linear Models Beyond Straight Lines: Transformations and Linear-in-Parameters Models,Design-matrix mechanics,"Matrix notation, submatrices, transposes, and matrix-vector multiplication",pp. 23--25,mf:matrices-dimensions; mf:transpose; mf:matrix-vector-row-view; mf:matrix-vector-column-view; mf:data-analysis-bridge-index,"Ch07 Matrices and Matrix-Vector Multiplication: `mf:matrices-dimensions`, `mf:transpose`, `mf:matrix-vector-row-view`, `mf:matrix-vector-column-view`; Appendix A Data Analysis Bridge Index: `mf:data-analysis-bridge-index`",Ch11_Linear_Models_Beyond_Straight_Lines_Transformations_Linear_in_Parameters_v3.tex,759
Source Map,11,Linear Models Beyond Straight Lines: Transformations and Linear-in-Parameters Models,Solving transformed systems,"QR decomposition, triangular systems, and solving linear systems",pp. 28--30,mf:linear-systems; mf:qr-factorization; mf:data-analysis-bridge-index,"Ch08 Linear Systems, Polynomial Systems, and Vandermonde Matrices: `mf:linear-systems`; Ch09 Orthogonal Bases, Gram-Schmidt, and QR: `mf:qr-factorization`; Appendix A Data Analysis Bridge Index: `mf:data-analysis-bridge-index`",Ch11_Linear_Models_Beyond_Straight_Lines_Transformations_Linear_in_Parameters_v3.tex,761
Source Map,11,Linear Models Beyond Straight Lines: Transformations and Linear-in-Parameters Models,Vandermonde / polynomial design,Vandermonde matrices for polynomial systems and interpolation,p. 31,mf:vandermonde-matrices; mf:data-analysis-bridge-index,"Ch08 Linear Systems, Polynomial Systems, and Vandermonde Matrices: `mf:vandermonde-matrices`; Appendix A Data Analysis Bridge Index: `mf:data-analysis-bridge-index`",Ch11_Linear_Models_Beyond_Straight_Lines_Transformations_Linear_in_Parameters_v3.tex,763
Source Map,11,Linear Models Beyond Straight Lines: Transformations and Linear-in-Parameters Models,Orthogonal polynomial intuition,Gram-Schmidt orthogonalization and orthonormal directions,pp. 34--36,mf:norms-euclidean; mf:orthogonality; mf:vandermonde-matrices; mf:orthogonal-bases; mf:gram-schmidt; mf:orthogonal-polynomials; mf:data-analysis-bridge-index,"Ch05 Dot Products, Norms, Distance, Angles, and Orthogonality: `mf:norms-euclidean`, `mf:orthogonality`; Ch08 Linear Systems, Polynomial Systems, and Vandermonde Matrices: `mf:vandermonde-matrices`; Ch09 Orthogonal Bases, Gram-Schmidt, and QR: `mf:orthogonal-bases`, `mf:gram-schmidt`, `mf:orthogonal-polynomials`; Appendix A Data Analysis Bridge Index: `mf:data-analysis-bridge-index`",Ch11_Linear_Models_Beyond_Straight_Lines_Transformations_Linear_in_Parameters_v3.tex,765
Source Map,11,Linear Models Beyond Straight Lines: Transformations and Linear-in-Parameters Models,Full column rank requirement,"Left inverses, rank, and full-column-rank conditions","pp. 59--60, 67--69",mf:matrix-inverse; mf:left-inverse; mf:rank; mf:full-column-rank; mf:data-analysis-bridge-index,"Ch10 Matrix Inverses, Rank, and Pseudoinverses: `mf:matrix-inverse`, `mf:left-inverse`, `mf:rank`, `mf:full-column-rank`; Appendix A Data Analysis Bridge Index: `mf:data-analysis-bridge-index`",Ch11_Linear_Models_Beyond_Straight_Lines_Transformations_Linear_in_Parameters_v3.tex,767
Source Map,11,Linear Models Beyond Straight Lines: Transformations and Linear-in-Parameters Models,Computational matrix operations,"Python/NumPy arrays, shapes, transposes, and matrix multiplication",pp. 37--38,mf:matrices-dimensions; mf:transpose; mf:computational-matrix-operations; mf:data-analysis-bridge-index,"Ch07 Matrices and Matrix-Vector Multiplication: `mf:matrices-dimensions`, `mf:transpose`, `mf:computational-matrix-operations`; Appendix A Data Analysis Bridge Index: `mf:data-analysis-bridge-index`",Ch11_Linear_Models_Beyond_Straight_Lines_Transformations_Linear_in_Parameters_v3.tex,769
Source Map,12,Residual Analysis and Model Repair,Residual vectors in observation space,"Vector notation in \(\mathbb{R}^n\), coordinates, and subvectors",pp. 6--7,mf:vectors-rn; mf:vectors-as-data; mf:vector-entries-subvectors; mf:vector-arithmetic; mf:bases; mf:data-analysis-bridge-index,"Ch02 Vectors in R^n: `mf:vectors-rn`, `mf:vectors-as-data`, `mf:vector-entries-subvectors`; Ch03 Vector Operations and Linear Combinations: `mf:vector-arithmetic`; Ch06 Linear Independence, Span, Bases, and Dimension: `mf:bases`; Appendix A Data Analysis Bridge Index: `mf:data-analysis-bridge-index`",Ch12_Residual_Analysis_Model_Repair_v3.tex,661
Source Map,12,Residual Analysis and Model Repair,Orthogonality condition \(\mathbf{X}^T\mathbf{e}=\mathbf{0}\),"Dot products, Euclidean norms, and the zero-dot-product condition for orthogonality",pp. 16--18,mf:dot-product; mf:inner-product-weighted-sums; mf:norms-euclidean; mf:orthogonality; mf:data-analysis-bridge-index,"Ch05 Dot Products, Norms, Distance, Angles, and Orthogonality: `mf:dot-product`, `mf:inner-product-weighted-sums`, `mf:norms-euclidean`, `mf:orthogonality`; Appendix A Data Analysis Bridge Index: `mf:data-analysis-bridge-index`",Ch12_Residual_Analysis_Model_Repair_v3.tex,663
Source Map,12,Residual Analysis and Model Repair,Hat-matrix computations as linear transformations,"Matrix notation, identity matrices, transposes, and matrix-vector multiplication",pp. 23--25,mf:least-squares-projection-bridge; mf:matrices-dimensions; mf:transpose; mf:identity-matrix; mf:matrix-vector-row-view; mf:matrix-vector-column-view; mf:data-analysis-bridge-index,"Ch07 Matrices and Matrix-Vector Multiplication: `mf:matrices-dimensions`, `mf:transpose`, `mf:identity-matrix`, `mf:matrix-vector-row-view`, `mf:matrix-vector-column-view`; Ch12 Multivariable Functions, Gradients, and Least Squares: `mf:least-squares-projection-bridge`; Appendix A Data Analysis Bridge Index: `mf:data-analysis-bridge-index`",Ch12_Residual_Analysis_Model_Repair_v3.tex,665
Source Map,12,Residual Analysis and Model Repair,Column-space / residual-space viewpoint,"Column rank, column space, and full-rank conditions",pp. 67--69,mf:vectors-as-data; mf:orthogonality; mf:rank; mf:full-column-rank; mf:column-space; mf:data-analysis-bridge-index,"Ch02 Vectors in R^n: `mf:vectors-as-data`; Ch05 Dot Products, Norms, Distance, Angles, and Orthogonality: `mf:orthogonality`; Ch10 Matrix Inverses, Rank, and Pseudoinverses: `mf:rank`, `mf:full-column-rank`; Ch11 Subspaces: Column Space, Row Space, and Null Space: `mf:column-space`; Appendix A Data Analysis Bridge Index: `mf:data-analysis-bridge-index`",Ch12_Residual_Analysis_Model_Repair_v3.tex,667
Source Map,12,Residual Analysis and Model Repair,Least-squares repair criterion,"Stationary points, least-squares minimization, the normal equations, and the positive-semidefinite \(\mathbf{A}^T\mathbf{A}\) argument","pp. 104--105, 120--122",mf:norms-euclidean; mf:ata-invertibility; mf:stationary-points; mf:least-squares-objective; mf:least-squares-normal-equations; mf:positive-semidefinite; mf:data-analysis-bridge-index,"Ch05 Dot Products, Norms, Distance, Angles, and Orthogonality: `mf:norms-euclidean`; Ch10 Matrix Inverses, Rank, and Pseudoinverses: `mf:ata-invertibility`; Ch12 Multivariable Functions, Gradients, and Least Squares: `mf:stationary-points`, `mf:least-squares-objective`, `mf:least-squares-normal-equations`; Ch13 Hessians, Quadratic Forms, and Second-Order Conditions: `mf:positive-semidefinite`; Appendix A Data Analysis Bridge Index: `mf:data-analysis-bridge-index`",Ch12_Residual_Analysis_Model_Repair_v3.tex,669
Source Map,12,Residual Analysis and Model Repair,Identifiability after repair,"Left inverses, linearly independent columns, rank, and full column rank","pp. 59--60, 67--69, 122",mf:linear-independence; mf:matrix-inverse; mf:left-inverse; mf:rank; mf:full-column-rank; mf:null-space; mf:data-analysis-bridge-index,"Ch06 Linear Independence, Span, Bases, and Dimension: `mf:linear-independence`; Ch10 Matrix Inverses, Rank, and Pseudoinverses: `mf:matrix-inverse`, `mf:left-inverse`, `mf:rank`, `mf:full-column-rank`; Ch11 Subspaces: Column Space, Row Space, and Null Space: `mf:null-space`; Appendix A Data Analysis Bridge Index: `mf:data-analysis-bridge-index`",Ch12_Residual_Analysis_Model_Repair_v3.tex,671
Source Map,12,Residual Analysis and Model Repair,Computational matrix operations,"Python/NumPy arrays, shapes, transposes, and matrix multiplication",pp. 37--38,mf:matrices-dimensions; mf:transpose; mf:computational-matrix-operations; mf:data-analysis-bridge-index,"Ch07 Matrices and Matrix-Vector Multiplication: `mf:matrices-dimensions`, `mf:transpose`, `mf:computational-matrix-operations`; Appendix A Data Analysis Bridge Index: `mf:data-analysis-bridge-index`",Ch12_Residual_Analysis_Model_Repair_v3.tex,673
Integrated Callout,1,What Is Data?,What Is Data?,"Math Foundations treats a vector as an ordered collection of quantities that belong to the same object, not merely as an arrow in physical space. That is exactly how we use $\mathbf{x}$ here. The vector $\mathbf{x}$ is one observation's collection of input measurements. Its entries may be physical quantities, demographic attributes, encoded categories, time summaries, or engineered features. The geometric interpretation of vectors will become useful later, but the first interpretation is simpler: a feature vector is a structured record of measured information. See MathFoundationsNotes.pdf, pp. 6--7 for $\mathbb{R}^n$ vector notation, entries, subvectors, and vectors as collections of quantities.",pp. 6--7,mf:vectors-rn; mf:vectors-as-data; mf:vector-entries-subvectors; mf:data-analysis-bridge-index,"Ch02 Vectors in R^n: `mf:vectors-rn`, `mf:vectors-as-data`, `mf:vector-entries-subvectors`; Appendix A Data Analysis Bridge Index: `mf:data-analysis-bridge-index`",Ch01_Data_Analysis_as_Statistical_Learning_v3.tex,26
Integrated Callout,1,A First Statistical Model,A First Statistical Model,"When the model is linear in the input variables, the systematic part can be written compactly as \[ f(\mathbf{x}) = \beta_0 + \beta_1 x_1 + \cdots + \beta_p x_p = \beta_0 + \boldsymbol{\beta}^T \mathbf{x}, \] where $\boldsymbol{\beta} = (\beta_1,\ldots,\beta_p)^T$. The term $\boldsymbol{\beta}^T\mathbf{x}$ is an inner product. Equivalently, it is a linear combination of the entries of $\mathbf{x}$, with coefficients $\beta_1,\ldots,\beta_p$. This is why linear algebra becomes the natural language of regression: the model combines measured inputs by weighting them and adding them together. See MathFoundationsNotes.pdf, pp. 9--10 for linear combinations and p. 16 for the dot product/inner product definition.",pp. 9--10; p. 16,mf:vectors-rn; mf:vectors-as-data; mf:vector-entries-subvectors; mf:linear-combinations; mf:dot-product; mf:inner-product-weighted-sums; mf:data-analysis-bridge-index,"Ch02 Vectors in R^n: `mf:vectors-rn`, `mf:vectors-as-data`, `mf:vector-entries-subvectors`; Ch03 Vector Operations and Linear Combinations: `mf:linear-combinations`; Ch05 Dot Products, Norms, Distance, Angles, and Orthogonality: `mf:dot-product`, `mf:inner-product-weighted-sums`; Appendix A Data Analysis Bridge Index: `mf:data-analysis-bridge-index`",Ch01_Data_Analysis_as_Statistical_Learning_v3.tex,62
Integrated Callout,1,Expectation,Expectation,"If we collect the possible outcomes into a vector $\mathbf{x}=(x_1,\ldots,x_m)^T$ and the probabilities into a vector $\mathbf{p}=(p_1,\ldots,p_m)^T$, then \[ \mathbb{E}[X] = \mathbf{p}^T\mathbf{x}. \] Thus expectation can be viewed as an inner product between a probability vector and an outcome vector. The probability vector must have nonnegative entries that sum to one. This connects the statistical idea of a weighted average to the linear algebra idea of an inner product. See MathFoundationsNotes.pdf, p. 7 for probability vectors and p. 16 for dot products and weighted-sum examples.",p. 7; p. 16,mf:probability-vectors; mf:vectors-rn; mf:vector-entries-subvectors; mf:linear-combinations; mf:dot-product; mf:inner-product-weighted-sums; mf:data-analysis-bridge-index,"Ch02 Vectors in R^n: `mf:probability-vectors`, `mf:vectors-rn`, `mf:vector-entries-subvectors`; Ch03 Vector Operations and Linear Combinations: `mf:linear-combinations`; Ch05 Dot Products, Norms, Distance, Angles, and Orthogonality: `mf:dot-product`, `mf:inner-product-weighted-sums`; Appendix A Data Analysis Bridge Index: `mf:data-analysis-bridge-index`",Ch01_Data_Analysis_as_Statistical_Learning_v3.tex,209
Integrated Callout,1,Covariance and Correlation,Covariance and Correlation,"For observed data, sample correlation can be interpreted geometrically. If we center two data vectors by subtracting their sample means, then their sample correlation is the cosine of the angle between the centered vectors. This is why correlation measures linear alignment: two centered data vectors pointing in nearly the same direction have correlation near $1$; two pointing in opposite directions have correlation near $-1$; and two nearly orthogonal centered vectors have correlation near $0$. See MathFoundationsNotes.pdf, pp. 16--18 for inner products, Euclidean norms, distance, angles, and orthogonality.",pp. 16--18,mf:vectors-rn; mf:vectors-as-data; mf:vector-arithmetic; mf:centered-vectors; mf:dot-product; mf:inner-product-weighted-sums; mf:norms-euclidean; mf:vector-distance; mf:angles; mf:orthogonality; mf:data-analysis-bridge-index,"Ch02 Vectors in R^n: `mf:vectors-rn`, `mf:vectors-as-data`; Ch03 Vector Operations and Linear Combinations: `mf:vector-arithmetic`, `mf:centered-vectors`; Ch05 Dot Products, Norms, Distance, Angles, and Orthogonality: `mf:dot-product`, `mf:inner-product-weighted-sums`, `mf:norms-euclidean`, `mf:vector-distance`, `mf:angles`, `mf:orthogonality`; Appendix A Data Analysis Bridge Index: `mf:data-analysis-bridge-index`",Ch01_Data_Analysis_as_Statistical_Learning_v3.tex,304
Integrated Callout,2,Mean Squared Error,Mean Squared Error,"Let $\mathbf{y}=(y_1,\ldots,y_n)^T$ be the vector of observed responses and let $\hat{\mathbf{y}}=(\hat y_1,\ldots,\hat y_n)^T$ be the vector of predictions. The residual vector is \[ \mathbf{e}=\mathbf{y}-\hat{\mathbf{y}}. \] Using the Euclidean norm, \[ \|\mathbf{e}\| = \sqrt{e_1^2+\cdots+e_n^2}, \] the empirical MSE can be written as \begin{equation} \operatorname{MSE}=\frac{1}{n}\|\mathbf{y}-\hat{\mathbf{y}}\|^2. \label{eq:ch2-mse-norm} \end{equation} Thus MSE is a scaled squared distance between the observed response vector and the fitted response vector. This geometric view will become especially useful when we later interpret least squares regression as a projection problem. See MathFoundationsNotes.pdf, pp. 16--18 for dot products, $\mathbf{a}^T\mathbf{a}$, Euclidean norms, and distance between vectors.",pp. 16--18,mf:vectors-rn; mf:vectors-as-data; mf:vector-arithmetic; mf:dot-product; mf:inner-product-weighted-sums; mf:norms-euclidean; mf:vector-distance; mf:least-squares-projection-bridge; mf:least-squares-objective; mf:data-analysis-bridge-index,"Ch02 Vectors in R^n: `mf:vectors-rn`, `mf:vectors-as-data`; Ch03 Vector Operations and Linear Combinations: `mf:vector-arithmetic`; Ch05 Dot Products, Norms, Distance, Angles, and Orthogonality: `mf:dot-product`, `mf:inner-product-weighted-sums`, `mf:norms-euclidean`, `mf:vector-distance`; Ch12 Multivariable Functions, Gradients, and Least Squares: `mf:least-squares-projection-bridge`, `mf:least-squares-objective`; Appendix A Data Analysis Bridge Index: `mf:data-analysis-bridge-index`",Ch02_Prediction_Error_Flexibility_Generalization_v3.tex,55
Integrated Callout,2,Parametric Methods,Parametric Methods,"The term $\boldsymbol{\beta}^T\mathbf{X}$ is an inner product. It is also a linear combination of the entries of $\mathbf{X}$ with coefficients $\beta_1,\ldots,\beta_p$. This is why linear models connect naturally to the vector notation from Math Foundations: the model turns a feature vector into a prediction by weighting its components and adding the weighted components together. See MathFoundationsNotes.pdf, pp. 9--10 for scalar multiplication and linear combinations, and p. 16 for the inner product.",pp. 9--10; p. 16,mf:vectors-rn; mf:vectors-as-data; mf:vector-entries-subvectors; mf:scalar-multiplication; mf:linear-combinations; mf:dot-product; mf:inner-product-weighted-sums; mf:data-analysis-bridge-index,"Ch02 Vectors in R^n: `mf:vectors-rn`, `mf:vectors-as-data`, `mf:vector-entries-subvectors`; Ch03 Vector Operations and Linear Combinations: `mf:scalar-multiplication`, `mf:linear-combinations`; Ch05 Dot Products, Norms, Distance, Angles, and Orthogonality: `mf:dot-product`, `mf:inner-product-weighted-sums`; Appendix A Data Analysis Bridge Index: `mf:data-analysis-bridge-index`",Ch02_Prediction_Error_Flexibility_Generalization_v3.tex,325
Integrated Callout,2,Mean Squared Error,Mean Squared Error,"Let $\mathbf{y}$ be the response vector, $\widehat{\mathbf{y}}$ the prediction vector, and $\mathbf{e}=\mathbf{y}-\widehat{\mathbf{y}}$ the residual vector. Then \begin{equation} \operatorname{MSE}=\frac{1}{n}\|\mathbf{y}-\widehat{\mathbf{y}}\|^2. \label{eq:ch2-mse-norm} \end{equation} Thus empirical MSE is a scaled squared distance. See MathFoundationsNotes.pdf, pp. 16--18 for dot products, norms, and vector distance.",pp. 16--18,mf:vectors-rn; mf:vectors-as-data; mf:vector-arithmetic; mf:dot-product; mf:inner-product-weighted-sums; mf:norms-euclidean; mf:vector-distance; mf:matrices-dimensions; mf:data-analysis-bridge-index,"Ch02 Vectors in R^n: `mf:vectors-rn`, `mf:vectors-as-data`; Ch03 Vector Operations and Linear Combinations: `mf:vector-arithmetic`; Ch05 Dot Products, Norms, Distance, Angles, and Orthogonality: `mf:dot-product`, `mf:inner-product-weighted-sums`, `mf:norms-euclidean`, `mf:vector-distance`; Ch07 Matrices and Matrix-Vector Multiplication: `mf:matrices-dimensions`; Appendix A Data Analysis Bridge Index: `mf:data-analysis-bridge-index`",Ch02_Prediction_Error_Flexibility_Generalization_v3.tex,427
Integrated Callout,3,"Data Tables, Observations, and Variables","Data Tables, Observations, and Variables","In linear algebra, a vector is a collection of entries that pertain to the same object or concept. In data analysis, a numeric variable can be viewed as a vector of observed values, and a full numeric data table can be viewed as a matrix whose columns are variable vectors. This perspective helps later when we discuss design matrices, regression, and projections. For cleaning, it helps us remember that operations applied to a column should make sense for the type of object that column represents. See MathFoundationsNotes.pdf, pp. 6--7 for vector entries and pp. 23--24 for matrices, matrix dimensions, and special matrices.",pp. 6--7; pp. 23--24,mf:vectors-rn; mf:vectors-as-data; mf:vector-entries-subvectors; mf:least-squares-projection-bridge; mf:matrices-dimensions; mf:data-analysis-bridge-index,"Ch02 Vectors in R^n: `mf:vectors-rn`, `mf:vectors-as-data`, `mf:vector-entries-subvectors`; Ch07 Matrices and Matrix-Vector Multiplication: `mf:matrices-dimensions`; Ch12 Multivariable Functions, Gradients, and Least Squares: `mf:least-squares-projection-bridge`; Appendix A Data Analysis Bridge Index: `mf:data-analysis-bridge-index`",Ch03_Data_Quality_Cleaning_Trustworthy_Variables_v3.tex,45
Integrated Callout,3,Fixing Data Types and Standardizing Variables,Fixing Data Types and Standardizing Variables,"Subsetting is a set operation. The row set $I$ identifies which observations remain. The column set $J$ identifies which variables remain. Thinking in sets helps avoid vague language such as ``we removed bad rows.'' A defensible cleaning rule should be expressible as a clear predicate, such as ``remove rows where weight is missing or impossible.'' See MathFoundationsNotes.pdf, pp. 11--15 for set membership, set difference, subsets, families of sets, quantifiers, and negating quantified statements.",pp. 11--15,mf:quantifiers; mf:quantifier-negation; mf:set-membership; mf:set-operations; mf:subsets; mf:vectors-as-data; mf:data-analysis-bridge-index,"Ch02 Vectors in R^n: `mf:vectors-as-data`; Ch04 Sets, Set Operations, and Quantifiers: `mf:quantifiers`, `mf:quantifier-negation`, `mf:set-membership`, `mf:set-operations`, `mf:subsets`; Appendix A Data Analysis Bridge Index: `mf:data-analysis-bridge-index`",Ch03_Data_Quality_Cleaning_Trustworthy_Variables_v3.tex,194
Integrated Callout,3,"Data Tables, Observations, and Variables","Data Tables, Observations, and Variables","A numeric variable column is a vector of observed values, and a numeric data table is a matrix whose columns are variable vectors. See MathFoundationsNotes.pdf, pp. 6--7 for vectors and pp. 23--24 for matrix notation.",pp. 6--7; pp. 23--24,mf:vectors-rn; mf:vectors-as-data; mf:matrices-dimensions; mf:data-analysis-bridge-index,"Ch02 Vectors in R^n: `mf:vectors-rn`, `mf:vectors-as-data`; Ch07 Matrices and Matrix-Vector Multiplication: `mf:matrices-dimensions`; Appendix A Data Analysis Bridge Index: `mf:data-analysis-bridge-index`",Ch03_Data_Quality_Cleaning_Trustworthy_Variables_v3.tex,328
Integrated Callout,4,A Numeric Variable as a Vector,A Numeric Variable as a Vector,"A vector is an ordered collection of quantities that pertain to the same object or concept. In EDA, a variable column is a vector of observed values. Dot products, sums, centered vectors, and norms give compact ways to express means, variances, covariances, and correlations. See MathFoundationsNotes.pdf, pp. 6--7 for vector notation and pp. 16--18 for dot products, sample-mean examples, norms, distances, angles, and orthogonality.",pp. 6--7; pp. 16--18,mf:vectors-rn; mf:vectors-as-data; mf:vector-arithmetic; mf:centered-vectors; mf:dot-product; mf:inner-product-weighted-sums; mf:norms-euclidean; mf:vector-distance; mf:angles; mf:orthogonality; mf:data-analysis-bridge-index,"Ch02 Vectors in R^n: `mf:vectors-rn`, `mf:vectors-as-data`; Ch03 Vector Operations and Linear Combinations: `mf:vector-arithmetic`, `mf:centered-vectors`; Ch05 Dot Products, Norms, Distance, Angles, and Orthogonality: `mf:dot-product`, `mf:inner-product-weighted-sums`, `mf:norms-euclidean`, `mf:vector-distance`, `mf:angles`, `mf:orthogonality`; Appendix A Data Analysis Bridge Index: `mf:data-analysis-bridge-index`",Ch04_Exploratory_Data_Analysis_Summaries_Visual_Structure_v3.tex,42
Integrated Callout,4,A Numeric Variable as a Vector,A Numeric Variable as a Vector,"A variable column is a vector of observed values. Dot products, sums, centered vectors, and norms give compact ways to write means, variances, covariances, and correlations. See MathFoundationsNotes.pdf, pp. 6--7 and pp. 16--18.",pp. 6--7 and pp. 16--18,mf:vectors-rn; mf:vectors-as-data; mf:vector-arithmetic; mf:centered-vectors; mf:dot-product; mf:inner-product-weighted-sums; mf:norms-euclidean; mf:angles; mf:data-analysis-bridge-index,"Ch02 Vectors in R^n: `mf:vectors-rn`, `mf:vectors-as-data`; Ch03 Vector Operations and Linear Combinations: `mf:vector-arithmetic`, `mf:centered-vectors`; Ch05 Dot Products, Norms, Distance, Angles, and Orthogonality: `mf:dot-product`, `mf:inner-product-weighted-sums`, `mf:norms-euclidean`, `mf:angles`; Appendix A Data Analysis Bridge Index: `mf:data-analysis-bridge-index`",Ch04_Exploratory_Data_Analysis_Summaries_Visual_Structure_v3.tex,418
Integrated Callout,4,"Covariance, Correlation, and Heatmaps","Covariance, Correlation, and Heatmaps","If $\tilde{\mathbf{x}}=\mathbf{x}-\bar{x}\mathbf{1}$ and $\tilde{\mathbf{y}}=\mathbf{y}-\bar{y}\mathbf{1}$, then correlation is a normalized dot product: \begin{equation} r_{xy}=\frac{\tilde{\mathbf{x}}^T\tilde{\mathbf{y}}}{\|\tilde{\mathbf{x}}\|\,\|\tilde{\mathbf{y}}\|}. \label{eq:ch4-correlation-centered-vectors} \end{equation} This is why correlation measures linear alignment between centered data vectors.",,mf:vectors-rn; mf:vectors-as-data; mf:ones-vector; mf:vector-arithmetic; mf:centered-vectors; mf:dot-product; mf:inner-product-weighted-sums; mf:norms-euclidean; mf:angles; mf:data-analysis-bridge-index,"Ch02 Vectors in R^n: `mf:vectors-rn`, `mf:vectors-as-data`, `mf:ones-vector`; Ch03 Vector Operations and Linear Combinations: `mf:vector-arithmetic`, `mf:centered-vectors`; Ch05 Dot Products, Norms, Distance, Angles, and Orthogonality: `mf:dot-product`, `mf:inner-product-weighted-sums`, `mf:norms-euclidean`, `mf:angles`; Appendix A Data Analysis Bridge Index: `mf:data-analysis-bridge-index`",Ch04_Exploratory_Data_Analysis_Summaries_Visual_Structure_v3.tex,504
Integrated Callout,5,Data Notation,Data Notation,"A variable column is a vector in $\mathbb{R}^n$; see MathFoundationsNotes.pdf, pp. 6--7 for $\mathbb{R}^n$ vector notation and the ones vector. The dot product and Euclidean norm give compact ways to write sums of products and sums of squared deviations; see MathFoundationsNotes.pdf, pp. 16--18 for dot products, $\mathbf{1}^T\mathbf{a}$, norms, and orthogonality. This is why least squares can be written both as a calculus problem and as a geometry problem.",pp. 6--7; pp. 16--18,mf:vectors-rn; mf:vectors-as-data; mf:ones-vector; mf:vector-arithmetic; mf:dot-product; mf:inner-product-weighted-sums; mf:norms-euclidean; mf:orthogonality; mf:least-squares-objective; mf:data-analysis-bridge-index,"Ch02 Vectors in R^n: `mf:vectors-rn`, `mf:vectors-as-data`, `mf:ones-vector`; Ch03 Vector Operations and Linear Combinations: `mf:vector-arithmetic`; Ch05 Dot Products, Norms, Distance, Angles, and Orthogonality: `mf:dot-product`, `mf:inner-product-weighted-sums`, `mf:norms-euclidean`, `mf:orthogonality`; Ch12 Multivariable Functions, Gradients, and Least Squares: `mf:least-squares-objective`; Appendix A Data Analysis Bridge Index: `mf:data-analysis-bridge-index`",Ch05_Simple_Linear_Regression_Model_Assumptions_Least_Squares_Estimation_v3.tex,94
Integrated Callout,5,Matrix and Geometry View,Matrix and Geometry View,"The matrix notation below uses the design matrix, transposes, matrix-vector multiplication, dot products, norms, and orthogonality. These supporting concepts appear in MathFoundationsNotes.pdf, pp. 23--25 for matrix notation, transposes, and matrix-vector multiplication; pp. 16--18 for dot products, Euclidean norms, and orthogonality.",pp. 23--25; pp. 16--18,mf:dot-product; mf:inner-product-weighted-sums; mf:norms-euclidean; mf:orthogonality; mf:matrices-dimensions; mf:transpose; mf:matrix-vector-row-view; mf:matrix-vector-column-view; mf:data-analysis-bridge-index,"Ch05 Dot Products, Norms, Distance, Angles, and Orthogonality: `mf:dot-product`, `mf:inner-product-weighted-sums`, `mf:norms-euclidean`, `mf:orthogonality`; Ch07 Matrices and Matrix-Vector Multiplication: `mf:matrices-dimensions`, `mf:transpose`, `mf:matrix-vector-row-view`, `mf:matrix-vector-column-view`; Appendix A Data Analysis Bridge Index: `mf:data-analysis-bridge-index`",Ch05_Simple_Linear_Regression_Model_Assumptions_Least_Squares_Estimation_v3.tex,422
Integrated Callout,6,Review: The Mean-Only Baseline Model,Review: The Mean-Only Baseline Model,"A response column $(y_1,\ldots,y_n)^T$ is a vector in $\mathbb{R}^n$, and the mean-only fitted vector can be written as $\bar{y}\mathbf{1}$. See MathFoundationsNotes.pdf, pp. 6--7 for $\mathbb{R}^n$ vector notation and the ones vector. The sums of squared deviations below are squared Euclidean norms; see pp. 16--17 for dot products and norms.",pp. 6--7; pp. 16--17,mf:vectors-rn; mf:vectors-as-data; mf:ones-vector; mf:vector-arithmetic; mf:dot-product; mf:inner-product-weighted-sums; mf:norms-euclidean; mf:data-analysis-bridge-index,"Ch02 Vectors in R^n: `mf:vectors-rn`, `mf:vectors-as-data`, `mf:ones-vector`; Ch03 Vector Operations and Linear Combinations: `mf:vector-arithmetic`; Ch05 Dot Products, Norms, Distance, Angles, and Orthogonality: `mf:dot-product`, `mf:inner-product-weighted-sums`, `mf:norms-euclidean`; Appendix A Data Analysis Bridge Index: `mf:data-analysis-bridge-index`",Ch06_Simple_Linear_Regression_Fit_Quality_R2_Hypothesis_Testing_v3.tex,44
Integrated Callout,6,Regression Sum of Squares,Regression Sum of Squares,"The decomposition in \eqref{eq:ch6-sum-of-squares-decomposition} is a geometry statement. It relies on the residual vector being orthogonal to the fitted-value direction after centering. Dot products, norms, and orthogonality are covered in MathFoundationsNotes.pdf, pp. 16--18.",pp. 16--18,mf:vectors-rn; mf:vectors-as-data; mf:vector-arithmetic; mf:dot-product; mf:inner-product-weighted-sums; mf:norms-euclidean; mf:orthogonality; mf:data-analysis-bridge-index,"Ch02 Vectors in R^n: `mf:vectors-rn`, `mf:vectors-as-data`; Ch03 Vector Operations and Linear Combinations: `mf:vector-arithmetic`; Ch05 Dot Products, Norms, Distance, Angles, and Orthogonality: `mf:dot-product`, `mf:inner-product-weighted-sums`, `mf:norms-euclidean`, `mf:orthogonality`; Appendix A Data Analysis Bridge Index: `mf:data-analysis-bridge-index`",Ch06_Simple_Linear_Regression_Fit_Quality_R2_Hypothesis_Testing_v3.tex,110
Integrated Callout,6,From Fit Quality to Hypothesis Testing,From Fit Quality to Hypothesis Testing,"Hypotheses are mathematical statements, and hypothesis testing depends on understanding logical alternatives and negation. Basic logical statements, negation, and truth-table reasoning appear in MathFoundationsNotes.pdf, pp. 1--3.",pp. 1--3,mf:logic-statements; mf:logic-negation; mf:data-analysis-bridge-index,"Ch01 Logic and Deductive Reasoning: `mf:logic-statements`, `mf:logic-negation`; Appendix A Data Analysis Bridge Index: `mf:data-analysis-bridge-index`",Ch06_Simple_Linear_Regression_Fit_Quality_R2_Hypothesis_Testing_v3.tex,258
Integrated Callout,6,The $F$-Statistic,The $F$-Statistic,"The phrase leftover degrees of freedom is a dimension idea. The residual variation lives in directions left over after fitting the intercept and slope. Linear independence, bases, and the fact that a linearly independent set of $n$-vectors can have at most $n$ elements are introduced in MathFoundationsNotes.pdf, p. 20. Orthogonality, which underlies the residual-space interpretation, is on p. 18.",p. 20; p. 18,mf:vectors-as-data; mf:ones-vector; mf:orthogonality; mf:linear-independence; mf:bases; mf:dimension; mf:data-analysis-bridge-index,"Ch02 Vectors in R^n: `mf:vectors-as-data`, `mf:ones-vector`; Ch05 Dot Products, Norms, Distance, Angles, and Orthogonality: `mf:orthogonality`; Ch06 Linear Independence, Span, Bases, and Dimension: `mf:linear-independence`, `mf:bases`, `mf:dimension`; Appendix A Data Analysis Bridge Index: `mf:data-analysis-bridge-index`",Ch06_Simple_Linear_Regression_Fit_Quality_R2_Hypothesis_Testing_v3.tex,301
Integrated Callout,7,The Big Picture,The Big Picture,"This chapter uses vector notation in \(\mathbb{R}^n\), the ones vector \(\mathbf{1}\), linear combinations, dot products, norms, orthogonality, matrix notation, transpose notation, and matrix-vector multiplication. These appear in MathFoundationsNotes.pdf, pp. 6--10 and pp. 16--25.",pp. 6--10 and pp. 16--25,mf:vectors-rn; mf:ones-vector; mf:linear-combinations; mf:dot-product; mf:inner-product-weighted-sums; mf:norms-euclidean; mf:orthogonality; mf:matrices-dimensions; mf:transpose; mf:matrix-vector-row-view; mf:matrix-vector-column-view; mf:data-analysis-bridge-index,"Ch02 Vectors in R^n: `mf:vectors-rn`, `mf:ones-vector`; Ch03 Vector Operations and Linear Combinations: `mf:linear-combinations`; Ch05 Dot Products, Norms, Distance, Angles, and Orthogonality: `mf:dot-product`, `mf:inner-product-weighted-sums`, `mf:norms-euclidean`, `mf:orthogonality`; Ch07 Matrices and Matrix-Vector Multiplication: `mf:matrices-dimensions`, `mf:transpose`, `mf:matrix-vector-row-view`, `mf:matrix-vector-column-view`; Appendix A Data Analysis Bridge Index: `mf:data-analysis-bridge-index`",Ch07_Linear_Regression_as_Projection_Design_Matrix_Hat_Matrix_v3.tex,33
Integrated Callout,7,Projection Onto One Vector,Projection Onto One Vector,"The projection formula uses dot products, squared lengths, and orthogonality. Dot products and Euclidean norms appear in MathFoundationsNotes.pdf, pp. 16--18.",pp. 16--18,mf:dot-product; mf:inner-product-weighted-sums; mf:norms-euclidean; mf:orthogonality; mf:least-squares-projection-bridge; mf:data-analysis-bridge-index,"Ch05 Dot Products, Norms, Distance, Angles, and Orthogonality: `mf:dot-product`, `mf:inner-product-weighted-sums`, `mf:norms-euclidean`, `mf:orthogonality`; Ch12 Multivariable Functions, Gradients, and Least Squares: `mf:least-squares-projection-bridge`; Appendix A Data Analysis Bridge Index: `mf:data-analysis-bridge-index`",Ch07_Linear_Regression_as_Projection_Design_Matrix_Hat_Matrix_v3.tex,110
Integrated Callout,7,The Normal Equations from Orthogonality,The Normal Equations from Orthogonality,"The step from \(\mathbf{X}^T\mathbf{e}=\mathbf{0}\) to the normal equations uses matrix transpose notation and matrix-vector multiplication. Matrix notation and transpose appear in MathFoundationsNotes.pdf, pp. 23--24. Matrix-vector multiplication as row inner products and column linear combinations appears on p. 25.",pp. 23--24; p. 25,mf:linear-combinations; mf:dot-product; mf:inner-product-weighted-sums; mf:norms-euclidean; mf:matrices-dimensions; mf:transpose; mf:matrix-vector-row-view; mf:matrix-vector-column-view; mf:least-squares-normal-equations; mf:data-analysis-bridge-index,"Ch03 Vector Operations and Linear Combinations: `mf:linear-combinations`; Ch05 Dot Products, Norms, Distance, Angles, and Orthogonality: `mf:dot-product`, `mf:inner-product-weighted-sums`, `mf:norms-euclidean`; Ch07 Matrices and Matrix-Vector Multiplication: `mf:matrices-dimensions`, `mf:transpose`, `mf:matrix-vector-row-view`, `mf:matrix-vector-column-view`; Ch12 Multivariable Functions, Gradients, and Least Squares: `mf:least-squares-normal-equations`; Appendix A Data Analysis Bridge Index: `mf:data-analysis-bridge-index`",Ch07_Linear_Regression_as_Projection_Design_Matrix_Hat_Matrix_v3.tex,192
Integrated Callout,7,Dimensions and Degrees of Freedom,Dimensions and Degrees of Freedom,"The dimension claim depends on linear independence and bases. A set of linearly independent \(n\)-vectors can have at most \(n\) elements, and a basis provides unique linear-combination coordinates. See MathFoundationsNotes.pdf, pp. 20--21.",pp. 20--21,mf:vectors-rn; mf:vector-entries-subvectors; mf:linear-independence; mf:bases; mf:dimension; mf:data-analysis-bridge-index,"Ch02 Vectors in R^n: `mf:vectors-rn`, `mf:vector-entries-subvectors`; Ch06 Linear Independence, Span, Bases, and Dimension: `mf:linear-independence`, `mf:bases`, `mf:dimension`; Appendix A Data Analysis Bridge Index: `mf:data-analysis-bridge-index`",Ch07_Linear_Regression_as_Projection_Design_Matrix_Hat_Matrix_v3.tex,419
Integrated Callout,8,The Big Picture,The Big Picture,"This chapter uses vector notation, the ones vector, dot products, orthogonality, matrix dimensions, matrix transposes, linear independence, bases, matrix-vector multiplication, and left-inverse intuition. These appear in MathFoundationsNotes.pdf, especially pp. 6--7, pp. 16--18, pp. 20--25, and pp. 59--62.","pp. 6--7, pp. 16--18, pp. 20--25; pp. 59--62",mf:vectors-rn; mf:ones-vector; mf:dot-product; mf:inner-product-weighted-sums; mf:orthogonality; mf:linear-independence; mf:bases; mf:matrices-dimensions; mf:transpose; mf:matrix-vector-row-view; mf:matrix-vector-column-view; mf:matrix-inverse; mf:left-inverse; mf:data-analysis-bridge-index,"Ch02 Vectors in R^n: `mf:vectors-rn`, `mf:ones-vector`; Ch05 Dot Products, Norms, Distance, Angles, and Orthogonality: `mf:dot-product`, `mf:inner-product-weighted-sums`, `mf:orthogonality`; Ch06 Linear Independence, Span, Bases, and Dimension: `mf:linear-independence`, `mf:bases`; Ch07 Matrices and Matrix-Vector Multiplication: `mf:matrices-dimensions`, `mf:transpose`, `mf:matrix-vector-row-view`, `mf:matrix-vector-column-view`; Ch10 Matrix Inverses, Rank, and Pseudoinverses: `mf:matrix-inverse`, `mf:left-inverse`; Appendix A Data Analysis Bridge Index: `mf:data-analysis-bridge-index`",Ch08_Degrees_of_Freedom_Subspaces_Identifiability_v3.tex,33
Integrated Callout,9,The Big Picture,The Big Picture,"This chapter uses vector notation, matrix dimensions, matrix-vector multiplication, column-space ideas, linear combinations, dot products, transposes, orthogonality, and rank/full-column-rank intuition. These appear in MathFoundationsNotes.pdf, especially pp. 6--7, pp. 16--18, pp. 23--25, pp. 67--69, and pp. 37--38.","pp. 6--7, pp. 16--18, pp. 23--25, pp. 67--69; pp. 37--38",mf:vectors-rn; mf:linear-combinations; mf:dot-product; mf:inner-product-weighted-sums; mf:orthogonality; mf:matrices-dimensions; mf:transpose; mf:matrix-vector-row-view; mf:matrix-vector-column-view; mf:rank; mf:full-column-rank; mf:column-space; mf:data-analysis-bridge-index,"Ch02 Vectors in R^n: `mf:vectors-rn`; Ch03 Vector Operations and Linear Combinations: `mf:linear-combinations`; Ch05 Dot Products, Norms, Distance, Angles, and Orthogonality: `mf:dot-product`, `mf:inner-product-weighted-sums`, `mf:orthogonality`; Ch07 Matrices and Matrix-Vector Multiplication: `mf:matrices-dimensions`, `mf:transpose`, `mf:matrix-vector-row-view`, `mf:matrix-vector-column-view`; Ch10 Matrix Inverses, Rank, and Pseudoinverses: `mf:rank`, `mf:full-column-rank`; Ch11 Subspaces: Column Space, Row Space, and Null Space: `mf:column-space`; Appendix A Data Analysis Bridge Index: `mf:data-analysis-bridge-index`",Ch09_Multiple_Linear_Regression_in_Practice_v3.tex,32
Integrated Callout,10,The Big Picture,The Big Picture,"This chapter uses vector notation, transposes, matrix-vector multiplication, identity matrices, orthogonality, rank, and least-squares normal-equation ideas. In MathFoundationsNotes.pdf, these connections appear on pp. 6--7 (vectors), pp. 16--18 (inner products, norms, orthogonality), pp. 23--25 (matrix notation and matrix-vector multiplication), pp. 59--60 and pp. 67--69 (left inverses, rank, and full column rank), and pp. 104--105 plus pp. 120--122 (least squares, normal equations, and the \(\mathbf{A}^T\mathbf{A}\) Hessian).",pp. 6--7; pp. 16--18; pp. 23--25; pp. 59--60 and pp. 67--69; pp. 104--105 plus pp. 120--122,mf:vectors-rn; mf:dot-product; mf:inner-product-weighted-sums; mf:norms-euclidean; mf:orthogonality; mf:matrices-dimensions; mf:transpose; mf:identity-matrix; mf:matrix-vector-row-view; mf:matrix-vector-column-view; mf:matrix-inverse; mf:left-inverse; mf:rank; mf:full-column-rank; mf:least-squares-objective; mf:least-squares-normal-equations; mf:hessian; mf:data-analysis-bridge-index,"Ch02 Vectors in R^n: `mf:vectors-rn`; Ch05 Dot Products, Norms, Distance, Angles, and Orthogonality: `mf:dot-product`, `mf:inner-product-weighted-sums`, `mf:norms-euclidean`, `mf:orthogonality`; Ch07 Matrices and Matrix-Vector Multiplication: `mf:matrices-dimensions`, `mf:transpose`, `mf:identity-matrix`, `mf:matrix-vector-row-view`, `mf:matrix-vector-column-view`; Ch10 Matrix Inverses, Rank, and Pseudoinverses: `mf:matrix-inverse`, `mf:left-inverse`, `mf:rank`, `mf:full-column-rank`; Ch12 Multivariable Functions, Gradients, and Least Squares: `mf:least-squares-objective`, `mf:least-squares-normal-equations`; Ch13 Hessians, Quadratic Forms, and Second-Order Conditions: `mf:hessian`; Appendix A Data Analysis Bridge Index: `mf:data-analysis-bridge-index`",Ch10_Truth_Error_Estimator_Behavior_Residual_Geometry_v3.tex,32
Integrated Callout,11,The Big Picture,The Big Picture,"This chapter uses the Math Foundations ideas of vectors, linear combinations, bases, matrix-vector multiplication, submatrices, linear independence, Gram-Schmidt orthogonalization, and solving linear systems. In particular, transformed regression is just a new way of building columns for the design matrix. Those columns form candidate directions in \(\mathbb{R}^n\), and least squares chooses the best linear combination of those directions. See MathFoundationsNotes.pdf, especially pp. 6--10, pp. 20--25, pp. 28--31, and pp. 34--36.","pp. 6--10, pp. 20--25, pp. 28--31; pp. 34--36",mf:vectors-rn; mf:linear-combinations; mf:orthogonality; mf:linear-independence; mf:bases; mf:matrices-dimensions; mf:matrix-vector-row-view; mf:matrix-vector-column-view; mf:linear-systems; mf:gram-schmidt; mf:least-squares-objective; mf:data-analysis-bridge-index,"Ch02 Vectors in R^n: `mf:vectors-rn`; Ch03 Vector Operations and Linear Combinations: `mf:linear-combinations`; Ch05 Dot Products, Norms, Distance, Angles, and Orthogonality: `mf:orthogonality`; Ch06 Linear Independence, Span, Bases, and Dimension: `mf:linear-independence`, `mf:bases`; Ch07 Matrices and Matrix-Vector Multiplication: `mf:matrices-dimensions`, `mf:matrix-vector-row-view`, `mf:matrix-vector-column-view`; Ch08 Linear Systems, Polynomial Systems, and Vandermonde Matrices: `mf:linear-systems`; Ch09 Orthogonal Bases, Gram-Schmidt, and QR: `mf:gram-schmidt`; Ch12 Multivariable Functions, Gradients, and Least Squares: `mf:least-squares-objective`; Appendix A Data Analysis Bridge Index: `mf:data-analysis-bridge-index`",Ch11_Linear_Models_Beyond_Straight_Lines_Transformations_Linear_in_Parameters_v3.tex,33
Integrated Callout,12,The Big Picture,The Big Picture,"Residual analysis is geometric, but the supporting Math Foundations ideas are more basic: norms, orthogonality, matrix-vector multiplication, rank, and least-squares minimization. In MathFoundationsNotes.pdf, these appear on pp. 16--18, p. 25, pp. 59--60, pp. 67--69, and pp. 104--105 plus pp. 120--122. The projection language used in this chapter is a Data Analysis synthesis built from those underlying ideas. Model repair changes the design columns and therefore changes which patterns can be represented by the fitted part of the model.","pp. 16--18, p. 25, pp. 59--60, pp. 67--69; pp. 104--105 plus pp. 120--122",mf:vectors-as-data; mf:norms-euclidean; mf:orthogonality; mf:least-squares-projection-bridge; mf:matrices-dimensions; mf:matrix-vector-row-view; mf:matrix-vector-column-view; mf:rank; mf:full-column-rank; mf:least-squares-objective; mf:data-analysis-bridge-index,"Ch02 Vectors in R^n: `mf:vectors-as-data`; Ch05 Dot Products, Norms, Distance, Angles, and Orthogonality: `mf:norms-euclidean`, `mf:orthogonality`; Ch07 Matrices and Matrix-Vector Multiplication: `mf:matrices-dimensions`, `mf:matrix-vector-row-view`, `mf:matrix-vector-column-view`; Ch10 Matrix Inverses, Rank, and Pseudoinverses: `mf:rank`, `mf:full-column-rank`; Ch12 Multivariable Functions, Gradients, and Least Squares: `mf:least-squares-projection-bridge`, `mf:least-squares-objective`; Appendix A Data Analysis Bridge Index: `mf:data-analysis-bridge-index`",Ch12_Residual_Analysis_Model_Repair_v3.tex,33
